trading_date,price,price_pkwh,london
2024-10-10T00:00:00.000,88.96479166666667,889.6479166666667,1113.7479039583334
2024-10-12T00:00:00.000,63.193958333333335,631.9395833333333,794.4730497916665
2024-10-13T00:00:00.000,110.71479166666667,1107.1479166666668,1383.2086539583333
2024-10-14T00:00:00.000,75.93208333333332,759.3208333333332,952.2856804166664
2024-10-15T00:00:00.000,63.193958333333335,631.9395833333333,794.4730497916665
2024-10-16T00:00:00.000,110.71479166666667,1107.1479166666668,1383.2086539583333
2024-10-17T00:00:00.000,87.2,872.0,1091.8839
2024-10-18T00:00:00.000,64.15645833333333,641.5645833333333,806.3974622916666
2024-10-19T00:00:00.000,90.18270833333334,901.8270833333333,1128.8366735416666
2024-10-20T00:00:00.000,84.42125,844.2125,1057.45796625
2024-10-21T00:00:00.000,82.70666666666666,827.0666666666666,1036.2159933333332
2024-10-22T00:00:00.000,29.716875,297.16875000000005,379.72546437500006
2024-10-23T00:00:00.000,59.585625,595.85625,749.7694081249999
2024-10-24T00:00:00.000,90.46979166666667,904.6979166666666,1132.3933489583333
2024-10-25T00:00:00.000,90.98812500000001,909.8812500000001,1138.814980625
2024-10-26T00:00:00.000,84.8490625,848.490625,1062.7581353125
2024-10-27T00:00:00.000,103.27625,1032.7625,1291.05256125
2024-10-28T00:00:00.000,94.48604166666667,944.8604166666667,1182.1506702083334
2024-10-29T00:00:00.000,95.07833333333333,950.7833333333333,1189.4885716666665
2024-10-30T00:00:00.000,93.34937500000001,933.4937500000001,1168.0685068750001
2024-10-31T00:00:00.000,103.163125,1031.63125,1289.6510556249998
2024-11-01T00:00:00.000,100.36479166666668,1003.6479166666668,1254.9825039583334
2024-11-02T00:00:00.000,90.616875,906.1687499999999,1134.215564375
2024-11-03T00:00:00.000,91.68145833333334,916.8145833333334,1147.4046872916667
2024-11-04T00:00:00.000,90.683125,906.8312500000001,1135.036335625
2024-11-05T00:00:00.000,91.986875,919.86875,1151.188494375
2024-11-06T00:00:00.000,108.05604166666666,1080.5604166666667,1350.2694002083333
2024-11-07T00:00:00.000,124.180625,1241.80625,1550.036863125
2024-11-08T00:00:00.000,118.15270833333334,1181.5270833333334,1475.3570035416667
2024-11-09T00:00:00.000,94.66979166666665,946.6979166666665,1184.4271489583332
2024-11-10T00:00:00.000,96.78208333333333,967.8208333333333,1210.5963304166667
2024-11-11T00:00:00.000,106.585625,1065.8562499999998,1332.0524081249998
2024-11-12T00:00:00.000,96.83208333333333,968.3208333333333,1211.2157804166666
2024-11-13T00:00:00.000,95.03645833333333,950.3645833333333,1188.9697822916664
2024-11-14T00:00:00.000,106.585625,1065.8562499999998,1332.0524081249998
2024-11-15T00:00:00.000,111.24416666666667,1112.4416666666666,1389.7670808333332
2024-11-16T00:00:00.000,103.60208333333333,1036.0208333333333,1295.0893104166666
2024-11-17T00:00:00.000,99.89125,998.9125,1249.11579625
2024-11-18T00:00:00.000,92.55541666666666,925.5541666666666,1158.2321570833333
2024-11-19T00:00:00.000,88.53458333333333,885.3458333333333,1108.4180529166665
2024-11-20T00:00:00.000,105.41229166666666,1054.1229166666667,1317.5159814583333
2024-11-21T00:00:00.000,103.38354166666666,1033.8354166666666,1292.3817977083331
2024-11-22T00:00:00.000,98.42854166666666,984.2854166666666,1230.9943027083332
2024-11-23T00:00:00.000,103.67416666666666,1036.7416666666666,1295.9823508333332
2024-11-24T00:00:00.000,104.12,1041.2,1301.50578
2024-11-25T00:00:00.000,92.30270833333333,923.0270833333333,1155.1013535416666
2024-11-26T00:00:00.000,23.147499999999997,231.47499999999997,298.3374775
2024-11-27T00:00:00.000,62.381875,623.81875,784.4121493749999
2024-11-28T00:00:00.000,107.50744680851065,1075.0744680851064,1343.4728585106384
2024-11-29T00:00:00.000,106.23145833333332,1062.3145833333333,1327.6646372916666
2024-11-30T00:00:00.000,105.48958333333333,1054.8958333333333,1318.4735479166666
2024-12-01T00:00:00.000,102.25595744680851,1022.5595744680851,1278.4121568085106
2024-12-02T00:00:00.000,92.439375,924.39375,1156.794516875
2024-12-03T00:00:00.000,90.20083333333334,902.0083333333333,1129.0612241666665
2024-12-04T00:00:00.000,91.89375,918.9375,1150.03476875
2024-12-05T00:00:00.000,119.64645833333333,1196.4645833333334,1493.8630722916666
2024-12-06T00:00:00.000,117.25541666666668,1172.5541666666668,1464.2404570833335
2024-12-07T00:00:00.000,91.61520833333333,916.1520833333333,1146.5839160416665
2024-12-08T00:00:00.000,77.70583333333333,777.0583333333333,974.2606691666665
2024-12-09T00:00:00.000,69.14166666666667,691.4166666666666,868.1592083333331
2024-12-10T00:00:00.000,68.83375,688.3375,864.3444287499999
2024-12-11T00:00:00.000,94.76125,947.6125000000001,1185.5602262500001
2024-12-12T00:00:00.000,114.54604166666667,1145.4604166666668,1430.6740102083334
2024-12-13T00:00:00.000,178.079375,1780.79375,2217.7884768749996
2024-12-14T00:00:00.000,234.74104166666666,2347.4104166666666,2919.7698652083327
2024-12-15T00:00:00.000,137.56875,1375.6875,1715.90234375
2024-12-16T00:00:00.000,91.37479166666667,913.7479166666667,1143.6053939583333
2024-12-17T00:00:00.000,54.79291666666666,547.9291666666667,690.3925445833332
2024-12-18T00:00:00.000,63.573125000000005,635.73125,799.1705456249999
2024-12-19T00:00:00.000,79.51479166666667,795.1479166666667,996.6718539583333
2024-12-20T00:00:00.000,62.41395833333333,624.1395833333333,784.8096297916666
2024-12-21T00:00:00.000,63.79479166666667,637.9479166666667,801.9167739583334
2024-12-22T00:00:00.000,74.22854166666666,742.2854166666666,931.1805027083332
2024-12-23T00:00:00.000,23.775625,237.75625000000002,306.119318125
2024-12-24T00:00:00.000,23.766041666666666,237.66041666666666,306.00059020833334
2024-12-25T00:00:00.000,72.201875,722.01875,906.0721293749998
2024-12-26T00:00:00.000,85.23583333333333,852.3583333333333,1067.5498391666667
2024-12-27T00:00:00.000,87.37708333333335,873.7708333333335,1094.0777854166668
2024-12-28T00:00:00.000,100.80604166666666,1008.0604166666666,1260.449150208333
2024-12-29T00:00:00.000,109.49458333333332,1094.9458333333332,1368.0914929166665
2024-12-30T00:00:00.000,103.226875,1032.2687500000002,1290.4408543750003
2024-12-31T00:00:00.000,93.22166666666668,932.2166666666668,1166.4863283333334
2025-01-01T00:00:00.000,85.015,850.15,1064.813935
2025-01-02T00:00:00.000,52.72270833333334,527.2270833333333,664.7447335416666
2025-01-03T00:00:00.000,52.26583333333334,522.6583333333334,659.0845091666666
2025-01-04T00:00:00.000,104.60354166666667,1046.0354166666666,1307.4963777083333
2025-01-05T00:00:00.000,106.79833333333333,1067.9833333333333,1334.6876516666666
2025-01-06T00:00:00.000,111.84708333333333,1118.4708333333333,1397.2366154166666
2025-01-07T00:00:00.000,101.91041666666666,1019.1041666666666,1274.1312520833333
2025-01-08T00:00:00.000,84.60000000000001,846.0000000000001,1059.6725000000001
2025-01-09T00:00:00.000,134.61791666666667,1346.1791666666668,1679.3444695833334
2025-01-10T00:00:00.000,169.2075,1692.075,2107.8748174999996
2025-01-11T00:00:00.000,103.62604166666667,1036.2604166666667,1295.3861302083335
2025-01-12T00:00:00.000,241.41750000000002,2414.175,3002.4845075
2025-01-13T00:00:00.000,104.58666666666666,1045.8666666666666,1307.2873133333333
2025-01-14T00:00:00.000,105.13104166666666,1051.3104166666667,1314.0315752083334
2025-01-15T00:00:00.000,99.65166666666666,996.5166666666665,1246.1475983333332
2025-01-16T00:00:00.000,107.68583333333333,1076.8583333333333,1345.6828891666667
2025-01-17T00:00:00.000,119.525625,1195.2562500000001,1492.366068125
2025-01-18T00:00:00.000,105.04520833333333,1050.4520833333333,1312.9681860416667
2025-01-19T00:00:00.000,106.95916666666666,1069.5916666666667,1336.6802158333332
2025-01-20T00:00:00.000,108.731875,1087.31875,1358.6422993749998
2025-02-15T00:00:00.000,112.89625000000001,1128.9625,1410.23474125
2025-02-16T00:00:00.000,127.808125,1278.08125,1594.977960625
2025-02-17T00:00:00.000,107.3175,1073.175,1341.1196074999998
2025-02-18T00:00:00.000,112.89625000000001,1128.9625,1410.23474125
2025-02-19T00:00:00.000,111.10812499999999,1111.08125,1388.0816606249998
2025-02-20T00:00:00.000,107.3175,1073.175,1341.1196074999998
2025-02-21T00:00:00.000,100.60708333333334,1006.0708333333333,1257.9842554166667
2025-02-22T00:00:00.000,86.85708333333334,868.5708333333333,1087.6355054166665
2025-02-23T00:00:00.000,59.71770833333333,597.1770833333333,751.4057885416664
2025-02-24T00:00:00.000,79.1675,791.6750000000001,992.3692575
2025-02-25T00:00:00.000,56.50833333333333,565.0833333333334,711.6448416666666
2025-02-26T00:00:00.000,69.68666666666667,696.8666666666667,874.9112133333332
2025-02-27T00:00:00.000,96.28520833333333,962.8520833333333,1204.4405460416667
2025-02-28T00:00:00.000,100.01166666666667,1000.1166666666667,1250.6076383333334
2025-03-01T00:00:00.000,93.94875,939.4875000000001,1175.49416375
2025-03-02T00:00:00.000,100.33604166666667,1003.3604166666668,1254.6263202083335
2025-03-03T00:00:00.000,97.64,976.4,1221.22506
2025-03-04T00:00:00.000,92.58458333333334,925.8458333333334,1158.5935029166667
2025-03-05T00:00:00.000,101.03645833333333,1010.3645833333333,1263.3037822916665
2025-03-06T00:00:00.000,93.90708333333333,939.0708333333333,1174.9779554166666
2025-03-07T00:00:00.000,79.5763829787234,795.763829787234,997.4349087234041
2025-03-08T00:00:00.000,82.60333333333334,826.0333333333334,1034.9357966666666
2025-03-09T00:00:00.000,90.69979166666667,906.9979166666667,1135.2428189583334
2025-03-10T00:00:00.000,88.10145833333333,881.0145833333332,1103.0520672916666
2025-03-11T00:00:00.000,91.75645833333334,917.5645833333334,1148.3338622916667
2025-03-12T00:00:00.000,100.28666666666668,1002.8666666666668,1254.0146133333335
2025-03-13T00:00:00.000,93.16333333333334,931.6333333333334,1165.7636366666668
2025-03-14T00:00:00.000,96.75333333333333,967.5333333333333,1210.2401466666665
2025-03-15T00:00:00.000,104.53416666666668,1045.3416666666667,1306.6368908333334
2025-03-16T00:00:00.000,101.00645833333334,1010.0645833333334,1262.9321122916667
2025-03-17T00:00:00.000,96.44375000000001,964.4375000000001,1206.40471875
2025-03-18T00:00:00.000,93.80208333333333,938.0208333333333,1173.6771104166664
2025-03-19T00:00:00.000,103.48625,1034.8625,1293.65425125
2025-03-20T00:00:00.000,91.28708333333333,912.8708333333333,1142.5187754166666
2025-03-21T00:00:00.000,97.66958333333334,976.6958333333333,1221.5915679166667
2025-03-22T00:00:00.000,100.218125,1002.18125,1253.165450625
2025-03-23T00:00:00.000,73.24249999999999,732.425,918.9644324999998
2025-03-24T00:00:00.000,75.76333333333334,757.6333333333333,950.1950366666665
2025-03-25T00:00:00.000,96.40541666666667,964.0541666666667,1205.9298070833333
2025-03-26T00:00:00.000,96.01978260869565,960.1978260869565,1201.1521867391305
2025-03-27T00:00:00.000,96.98270833333333,969.8270833333333,1213.0818735416667
2025-03-28T00:00:00.000,92.63375,926.3375000000001,1159.20262875
2025-03-29T00:00:00.000,55.651034482758625,556.5103448275862,701.0237662068964
2025-03-30T00:00:00.000,68.150625,681.50625,855.8811931249999
2025-03-31T00:00:00.000,69.61687500000001,696.16875,874.0465643749999
2025-04-01T00:00:00.000,49.63293478260869,496.3293478260869,626.465529021739
2025-04-02T00:00:00.000,96.35765957446809,963.5765957446808,1205.3381444680851
2025-04-03T00:00:00.000,85.67625,856.7624999999999,1073.0061612499999
2025-04-04T00:00:00.000,72.98833333333333,729.8833333333333,915.8155616666666
2025-04-05T00:00:00.000,64.40022222222223,644.0022222222223,809.4174531111111
2025-04-07T00:00:00.000,87.19021739130434,871.9021739130435,1091.7627032608696
2025-04-08T00:00:00.000,69.65916666666666,696.5916666666667,874.5705158333333
2025-04-09T00:00:00.000,89.19625,891.9625000000001,1116.61544125
2025-04-10T00:00:00.000,86.61666666666667,866.1666666666667,1084.6569833333333
2025-04-11T00:00:00.000,85.96916666666668,859.6916666666668,1076.6351058333335
2025-04-12T00:00:00.000,83.85541666666667,838.5541666666667,1050.4478570833332
2025-04-13T00:00:00.000,80.01413043478261,800.1413043478261,1002.8581619565217
2025-04-19T00:00:00.000,87.87541666666668,878.7541666666668,1100.2516370833334
2025-04-20T00:00:00.000,77.66562499999999,776.6562499999999,973.7625281249998
2025-04-21T00:00:00.000,74.93895833333333,749.3895833333333,939.9818547916666
2025-04-22T00:00:00.000,87.87541666666668,878.7541666666668,1100.2516370833334
2025-04-23T00:00:00.000,84.60416666666667,846.0416666666667,1059.7241208333335
2025-04-24T00:00:00.000,86.37020833333334,863.7020833333333,1081.6036110416667
2025-04-25T00:00:00.000,85.68354166666667,856.8354166666667,1073.0964977083333
2025-04-26T00:00:00.000,81.463125,814.63125,1020.8097556249999
2025-04-27T00:00:00.000,81.15854166666666,811.5854166666667,1017.0362727083332
2025-04-28T00:00:00.000,78.20937500000001,782.0937500000001,980.499046875
2025-04-29T00:00:00.000,48.0,480.0,606.2350999999999
2025-04-30T00:00:00.000,75.20958333333333,752.0958333333333,943.3346279166665
2025-05-01T00:00:00.000,79.503125,795.03125,996.5273156249999
2025-05-02T00:00:00.000,79.77666666666667,797.7666666666667,999.9162233333332
2025-05-03T00:00:00.000,80.10333333333334,801.0333333333334,1003.9632966666667
2025-05-04T00:00:00.000,75.96,759.5999999999999,952.6315399999997
2025-05-05T00:00:00.000,52.455625,524.55625,661.4358381249999
2025-05-06T00:00:00.000,39.549166666666665,395.4916666666667,501.5377258333333
2025-05-07T00:00:00.000,79.90395833333334,799.0395833333333,1001.4932397916665
2025-05-08T00:00:00.000,83.19958333333334,831.9958333333334,1042.3227379166667
2025-05-09T00:00:00.000,86.00291666666668,860.0291666666668,1077.0532345833335
2025-05-10T00:00:00.000,85.52479166666666,855.2479166666666,1071.1297439583332
2025-05-11T00:00:00.000,84.93520833333334,849.3520833333333,1063.8253960416666
2025-05-12T00:00:00.000,69.75145833333333,697.5145833333333,875.7139172916666
2025-05-13T00:00:00.000,60.609791666666666,606.0979166666666,762.4578089583332
2025-05-14T00:00:00.000,79.00020833333333,790.0020833333333,990.2966810416665
2025-05-15T00:00:00.000,81.23395833333333,812.3395833333334,1017.9706097916666
2025-05-16T00:00:00.000,75.25333333333333,752.5333333333333,943.8766466666665
2025-05-17T00:00:00.000,81.025625,810.25625,1015.3895681249999
2025-05-18T00:00:00.000,74.03729166666666,740.3729166666666,928.8111064583331
2025-05-19T00:00:00.000,69.93354166666667,699.3354166666667,877.9697477083332
2025-05-20T00:00:00.000,76.34291666666667,763.4291666666667,957.3754945833332
2025-05-21T00:00:00.000,86.61333333333333,866.1333333333333,1084.6156866666665
2025-05-22T00:00:00.000,82.83041666666666,828.3041666666667,1037.7491320833333
2025-05-23T00:00:00.000,89.62416666666667,896.2416666666667,1121.9169008333333
2025-05-24T00:00:00.000,86.13062500000001,861.3062500000001,1078.635413125
2025-05-25T00:00:00.000,84.36749999999999,843.675,1056.7920574999998
2025-05-26T00:00:00.000,61.73666666666667,617.3666666666667,776.4186633333333
2025-05-27T00:00:00.000,-1.9108333333333334,-19.108333333333334,-12.110214166666664
2025-05-28T00:00:00.000,29.864583333333332,298.6458333333333,381.55542291666666
2025-05-29T00:00:00.000,64.45458333333333,644.5458333333333,810.0909329166666
2025-05-30T00:00:00.000,84.72354166666666,847.2354166666667,1061.2030577083333
2025-05-31T00:00:00.000,41.608958333333334,416.08958333333334,527.0564847916665
2025-06-01T00:00:00.000,61.338125,613.38125,771.4811306249999
2025-06-02T00:00:00.000,55.916666666666664,559.1666666666666,704.3146833333332
2025-06-03T00:00:00.000,31.937291666666667,319.3729166666667,407.23420645833335
2025-06-04T00:00:00.000,65.73354166666667,657.3354166666667,825.9359477083333
2025-06-05T00:00:00.000,22.993333333333336,229.93333333333337,296.4275066666667
2025-06-06T00:00:00.000,58.826249999999995,588.2624999999999,740.3615112499998
2025-06-07T00:00:00.000,78.565,785.65,984.9048849999998
2025-06-08T00:00:00.000,79.76291666666667,797.6291666666667,999.7458745833333
2025-06-09T00:00:00.000,87.60645833333332,876.0645833333332,1096.9195122916665
2025-06-10T00:00:00.000,55.26104166666667,552.6104166666667,696.1921452083333
2025-06-11T00:00:00.000,82.89770833333334,828.9770833333334,1038.5828085416667
2025-06-12T00:00:00.000,78.52,785.1999999999999,984.3473799999998
2025-06-13T00:00:00.000,78.063125,780.63125,978.687155625
2025-06-14T00:00:00.000,58.84520833333334,588.4520833333333,740.5963860416666
2025-06-15T00:00:00.000,79.55791666666667,795.5791666666667,997.2061295833332
2025-06-16T00:00:00.000,68.854375,688.54375,864.599951875
2025-06-17T00:00:00.000,64.77041666666666,647.7041666666667,814.0037920833332
2025-06-18T00:00:00.000,89.33083333333333,893.3083333333333,1118.2827941666667
2025-06-19T00:00:00.000,74.60125000000001,746.0125,935.7979862499999
2025-06-20T00:00:00.000,88.63416666666666,886.3416666666666,1109.6517908333333
2025-06-21T00:00:00.000,93.58166666666666,935.8166666666666,1170.9463683333333
2025-06-22T00:00:00.000,92.95770833333334,929.5770833333335,1163.2161485416668
2025-06-23T00:00:00.000,87.89083333333333,878.9083333333333,1100.4426341666667
2025-06-24T00:00:00.000,40.452083333333334,404.52083333333337,512.7239604166666
2025-06-25T00:00:00.000,22.880625,228.80624999999998,295.031163125
2025-06-26T00:00:00.000,49.67583333333334,496.7583333333334,626.9969991666667
2025-06-27T00:00:00.000,88.49958333333332,884.9958333333332,1107.9844379166664
2025-06-28T00:00:00.000,77.75875,777.5875000000001,974.91625375
2025-06-29T00:00:00.000,69.375,693.75,871.0499749999999
2025-06-30T00:00:00.000,35.686875,356.86875,453.68779437499995
2025-07-01T00:00:00.000,77.44,774.4,970.9672599999999
2025-07-02T00:00:00.000,78.77895833333334,787.7895833333333,987.5556147916666
2025-07-03T00:00:00.000,100.628125,1006.28125,1258.244940625
2025-07-04T00:00:00.000,83.60895833333333,836.0895833333334,1047.3944847916666
2025-07-05T00:00:00.000,75.27145833333334,752.7145833333334,944.1011972916666
2025-07-06T00:00:00.000,58.80979166666666,588.0979166666666,740.1576089583332
2025-07-07T00:00:00.000,27.11708333333333,271.1708333333333,347.5166454166666
2025-07-08T00:00:00.000,81.02895833333334,810.2895833333333,1015.4308647916665
2025-07-09T00:00:00.000,68.08041666666666,680.8041666666667,855.0113820833333
2025-07-10T00:00:00.000,75.45208333333333,754.5208333333334,946.3389604166666
2025-07-11T00:00:00.000,82.90291666666667,829.0291666666667,1038.6473345833333
2025-07-12T00:00:00.000,80.975625,809.7562499999999,1014.7701181249997
2025-07-13T00:00:00.000,84.64541666666666,846.4541666666667,1060.2351670833334
2025-07-14T00:00:00.000,80.88729166666667,808.8729166666667,1013.6757564583332
2025-07-15T00:00:00.000,81.77916666666667,817.7916666666667,1024.7251958333334
2025-07-16T00:00:00.000,79.26041666666667,792.6041666666667,993.5204020833334
2025-07-17T00:00:00.000,78.00729166666666,780.0729166666666,977.9954364583332
2025-07-18T00:00:00.000,84.29020833333333,842.9020833333333,1055.8344910416665
2025-07-19T00:00:00.000,87.56583333333333,875.6583333333333,1096.4162091666667
2025-07-20T00:00:00.000,87.13145833333334,871.3145833333334,1091.0347372916667
2025-07-21T00:00:00.000,83.06020833333334,830.6020833333333,1040.5960210416667
2025-07-22T00:00:00.000,80.47604166666666,804.7604166666666,1008.5807802083332
2025-07-23T00:00:00.000,84.298125,842.98125,1055.9325706250002
2025-07-24T00:00:00.000,81.56916666666667,815.6916666666667,1022.1235058333333
2025-07-25T00:00:00.000,82.8,828.0,1037.3723
2025-07-26T00:00:00.000,81.189375,811.89375,1017.4182668749999
2025-07-27T00:00:00.000,80.48833333333333,804.8833333333333,1008.7330616666666
2025-07-28T00:00:00.000,79.615,796.15,997.9133349999998
2025-07-29T00:00:00.000,79.75145833333333,797.5145833333333,999.6039172916666
2025-07-30T00:00:00.000,82.43083333333333,824.3083333333333,1032.7986941666666
2025-07-31T00:00:00.000,85.27187500000001,852.7187500000001,1067.996359375
2025-08-01T00:00:00.000,82.10645833333334,821.0645833333333,1028.7800122916665
2025-08-02T00:00:00.000,82.43083333333333,824.3083333333333,1032.7986941666666
2025-08-03T00:00:00.000,78.41125,784.1125,983.0000762499998
2025-08-04T00:00:00.000,75.80770833333334,758.0770833333333,950.7447985416666
2025-08-05T00:00:00.000,59.99979166666666,599.9979166666666,754.9005189583331
2025-08-06T00:00:00.000,50.09583333333333,500.9583333333333,632.2003791666666
2025-08-07T00:00:00.000,10.92375,109.2375,146.89743874999996
2025-08-08T00:00:00.000,67.97812499999999,679.7812499999999,853.7440906249998
2025-08-09T00:00:00.000,49.908125000000005,499.08125000000007,629.874860625
2025-08-10T00:00:00.000,58.088750000000005,580.8875,731.22462375
2025-08-11T00:00:00.000,42.219791666666666,422.19791666666663,534.6240989583332
2025-08-12T00:00:00.000,76.09770833333333,760.9770833333333,954.3376085416666
2025-08-13T00:00:00.000,84.32854166666667,843.2854166666666,1056.3094027083332
2025-08-14T00:00:00.000,87.61833333333334,876.1833333333334,1097.0666316666668
2025-08-15T00:00:00.000,91.36291666666666,913.6291666666666,1143.4582745833332
2025-08-16T00:00:00.000,84.19979166666667,841.9979166666667,1054.7143189583333
2025-08-17T00:00:00.000,79.715625,797.15625,999.1599781249998
2025-08-18T00:00:00.000,76.831875,768.3187499999999,963.4331993749997
2025-08-19T00:00:00.000,77.17083333333333,771.7083333333334,967.6325541666666
2025-08-20T00:00:00.000,84.81458333333333,848.1458333333333,1062.3309729166665
2025-08-21T00:00:00.000,77.60333333333334,776.0333333333334,972.9907966666666
2025-08-22T00:00:00.000,79.516875,795.16875,996.6976643749999
2025-08-23T00:00:00.000,82.0,820.0,1027.4611
2025-08-24T00:00:00.000,85.19875,851.9875000000001,1067.0904137500002
2025-08-25T00:00:00.000,85.19645833333333,851.9645833333333,1067.0620222916666
2025-08-26T00:00:00.000,84.18416666666667,841.8416666666667,1054.5207408333333
2025-08-27T00:00:00.000,72.14020833333333,721.4020833333334,905.3081410416667
2025-08-28T00:00:00.000,86.51375,865.1375,1083.38194875
2025-08-29T00:00:00.000,83.49958333333333,834.9958333333334,1046.0394379166667
2025-08-30T00:00:00.000,80.71708333333333,807.1708333333333,1011.5670454166666
2025-08-31T00:00:00.000,79.07187499999999,790.7187499999999,991.1845593749997
2025-09-01T00:00:00.000,64.51625,645.1625,810.85492125
2025-09-02T00:00:00.000,13.747916666666667,137.47916666666666,181.8860395833333
2025-09-03T00:00:00.000,53.298125,532.98125,671.873570625
2025-09-04T00:00:00.000,82.17145833333333,821.7145833333334,1029.5852972916666
2025-09-05T00:00:00.000,78.10312499999999,781.0312499999999,979.1827156249998
2025-09-06T00:00:00.000,74.00333333333333,740.0333333333333,928.3903966666666
2025-09-07T00:00:00.000,80.739375,807.39375,1011.8432168749998
2025-09-08T00:00:00.000,55.51145833333334,555.1145833333334,699.2945572916666
2025-09-09T00:00:00.000,23.332083333333333,233.32083333333333,300.62428041666664
2025-09-10T00:00:00.000,87.34583333333335,873.4583333333335,1093.690629166667
2025-09-11T00:00:00.000,28.170416666666668,281.70416666666665,360.5663920833333
2025-09-12T00:00:00.000,73.325625,733.25625,919.994268125
2025-09-13T00:00:00.000,39.92520833333334,399.25208333333336,506.1965060416667
2025-09-14T00:00:00.000,28.170416666666668,281.70416666666665,360.5663920833333
2025-09-15T00:00:00.000,43.590833333333336,435.90833333333336,551.6099341666666
2025-09-16T00:00:00.000,68.94166666666666,689.4166666666666,865.6814083333331
2025-09-17T00:00:00.000,15.599583333333333,155.99583333333334,204.82633791666666
2025-09-18T00:00:00.000,29.375416666666666,293.75416666666666,375.4951370833333
2025-09-19T00:00:00.000,74.480625,744.8062500000001,934.303563125
2025-09-20T00:00:00.000,50.71791666666667,507.1791666666667,639.9073695833332
2025-09-21T00:00:00.000,73.31708333333334,733.1708333333335,919.8884454166667
2025-09-22T00:00:00.000,80.32083333333334,803.2083333333334,1006.6579041666666
2025-09-23T00:00:00.000,27.539374999999996,275.39374999999995,352.7484168749999
2025-09-24T00:00:00.000,82.16770833333334,821.6770833333334,1029.5388385416666
2025-09-25T00:00:00.000,91.69416666666666,916.9416666666666,1147.5621308333332
2025-09-26T00:00:00.000,86.20083333333334,862.0083333333333,1079.5052241666667
2025-09-27T00:00:00.000,82.26583333333333,822.6583333333333,1030.7545091666666
2025-09-28T00:00:00.000,81.18208333333332,811.8208333333332,1017.3279304166664
2025-09-29T00:00:00.000,81.12020833333334,811.2020833333333,1016.5613610416666
2025-09-30T00:00:00.000,88.000625,880.00625,1101.802843125
2025-10-01T00:00:00.000,92.2375,922.375,1154.2934875
2025-10-02T00:00:00.000,81.87458333333333,818.7458333333334,1025.9073129166666
2025-10-03T00:00:00.000,80.0,800.0,1002.6830999999999
2025-10-04T00:00:00.000,77.26020833333332,772.6020833333332,968.7398210416663
2025-10-05T00:00:00.000,49.42791666666667,494.2791666666667,623.9255595833333
2025-10-06T00:00:00.000,3.2975,32.975,52.4158275
2025-10-07T00:00:00.000,14.393958333333332,143.93958333333333,189.88984979166665
2025-10-08T00:00:00.000,67.74708333333334,677.4708333333333,850.8817154166666
2025-10-09T00:00:00.000,88.383125,883.8312500000001,1106.541635625
2025-10-10T00:00:00.000,89.63666666666667,896.3666666666667,1122.0717633333334
2025-10-11T00:00:00.000,86.72500000000001,867.2500000000001,1085.999125
2025-10-12T00:00:00.000,86.268125,862.68125,1080.338900625
2025-10-13T00:00:00.000,87.99854166666667,879.9854166666667,1101.7770327083333
2025-10-14T00:00:00.000,87.55145833333334,875.5145833333335,1096.2381172916669
2025-10-15T00:00:00.000,105.37770833333333,1053.7770833333334,1317.0875285416666
2025-10-16T00:00:00.000,103.63291666666667,1036.3291666666667,1295.4713045833332
2025-10-17T00:00:00.000,104.52104166666668,1045.2104166666668,1306.4742852083334
2025-10-18T00:00:00.000,88.83395833333333,888.3395833333333,1112.1270097916665
2025-10-19T00:00:00.000,89.38520833333332,893.8520833333332,1118.9564460416666
2025-10-20T00:00:00.000,83.26333333333334,832.6333333333333,1043.1125366666668
2025-10-21T00:00:00.000,64.81770833333333,648.1770833333333,814.5896885416664
2025-10-22T00:00:00.000,78.0825,780.8249999999999,978.9271924999998
2025-10-23T00:00:00.000,78.796875,787.96875,987.7775843749998
2025-10-24T00:00:00.000,90.08833333333332,900.8833333333332,1127.6674616666664
2025-10-25T00:00:00.000,56.3321875,563.3218750000001,709.4625709375
2025-10-26T00:00:00.000,50.94354166666667,509.4354166666667,642.7026377083333
2025-10-27T00:00:00.000,18.069583333333334,180.69583333333333,235.42716791666663
2025-10-28T00:00:00.000,54.7240625,547.240625,689.5395103124999
2025-10-29T00:00:00.000,60.427083333333336,604.2708333333334,760.1942354166666
2025-10-30T00:00:00.000,59.48520833333333,594.8520833333333,748.5253460416666
2025-10-31T00:00:00.000,77.67479166666666,776.7479166666667,973.8760939583333
2025-11-01T00:00:00.000,73.91916666666667,739.1916666666667,927.3476558333333
2025-11-02T00:00:00.000,51.36354166666666,513.6354166666666,647.9060177083331
2025-11-03T00:00:00.000,42.62979166666667,426.2979166666667,539.7035889583333
2025-11-04T00:00:00.000,63.790416666666665,637.9041666666667,801.8625720833332
2025-11-05T00:00:00.000,55.00229166666667,550.0229166666667,692.9864914583333
2025-11-06T00:00:00.000,58.369375,583.69375,734.7012868749999
2025-11-07T00:00:00.000,77.49125,774.9124999999999,971.6021962499998
2025-11-08T00:00:00.000,87.83187500000001,878.3187500000001,1099.7121993750002
2025-11-09T00:00:00.000,84.888125,848.88125,1063.242080625
2025-11-10T00:00:00.000,82.13833333333334,821.3833333333333,1029.1749116666665
2025-11-11T00:00:00.000,80.45166666666667,804.5166666666667,1008.2787983333332
2025-11-12T00:00:00.000,78.331875,783.3187499999999,982.0166993749998
2025-11-13T00:00:00.000,75.99041666666666,759.9041666666666,953.0083720833331
2025-11-14T00:00:00.000,65.546875,655.46875,823.6233343749999
2025-11-15T00:00:00.000,60.86375,608.6375,765.6040987499999
2025-11-16T00:00:00.000,70.48520833333333,704.8520833333333,884.8043460416666
2025-11-17T00:00:00.000,69.76375,697.6375,875.86619875
2025-11-18T00:00:00.000,81.33083333333333,813.3083333333333,1019.1707941666665
2025-12-01T00:00:00.000,76.75729166666666,767.5729166666666,962.5091864583331
2025-12-02T00:00:00.000,69.87145833333334,698.7145833333334,877.2005972916667
2025-12-03T00:00:00.000,75.18770833333333,751.8770833333333,943.0636185416665
2025-12-04T00:00:00.000,76.75729166666666,767.5729166666666,962.5091864583331
2025-12-05T00:00:00.000,85.524375,855.2437500000001,1071.124581875
2025-12-06T00:00:00.000,83.544375,835.44375,1046.594361875
2025-12-07T00:00:00.000,77.40458333333333,774.0458333333333,970.5284829166666
2025-12-08T00:00:00.000,71.53770833333333,715.3770833333333,897.8437685416665
2025-12-09T00:00:00.000,74.95375,749.5375,940.16510875
2025-12-10T00:00:00.000,59.49666666666667,594.9666666666667,748.6673033333333
2025-12-11T00:00:00.000,69.42375,694.2375,871.6539387499998
2025-12-12T00:00:00.000,58.89625,588.9625,741.2287412499999
2025-12-13T00:00:00.000,68.79333333333334,687.9333333333334,863.8437066666667
2025-12-14T00:00:00.000,80.254375,802.5437499999999,1005.8345518749998
2025-12-15T00:00:00.000,74.80958333333334,748.0958333333333,938.3790279166665
2025-12-16T00:00:00.000,53.02895833333333,530.2895833333333,668.5388647916666
2025-12-17T00:00:00.000,76.73916666666666,767.3916666666667,962.2846358333331
2025-12-18T00:00:00.000,88.33333333333333,883.3333333333333,1105.9247666666665
2026-01-19T00:00:00.000,1400.2545116279068,14002.545116279069,17359.316244558137
2026-01-20T00:00:00.000,101.31666666666666,1013.1666666666666,1266.7752833333332
2026-01-21T00:00:00.000,60.29432558139535,602.9432558139534,758.5494996279068
2026-01-22T00:00:00.000,225.6115625,2256.115625,2806.6647478124996
2026-01-23T00:00:00.000,101.04854166666667,1010.4854166666667,1263.4534827083332
2026-01-24T00:00:00.000,340.7748669201521,3407.748669201521,4233.4229262737645
2026-01-25T00:00:00.000,107.55879069767441,1075.587906976744,1344.1089579534882
2026-01-26T00:00:00.000,203.34604562737644,2033.4604562737645,2530.8172592775663
2026-01-27T00:00:00.000,180.4578326996198,1804.5783269961978,2247.255189315589
2026-01-28T00:00:00.000,135.83041666666665,1358.3041666666666,1694.3661320833332
2026-01-29T00:00:00.000,131.0009375,1310.0093749999999,1634.5337146874997
2026-02-17T00:00:00.000,74.85187499999999,748.51875,938.9029793749999
2026-02-18T00:00:00.000,77.45041666666667,774.5041666666667,971.0963120833333
2026-02-19T00:00:00.000,76.37,763.7,957.7110299999999
2026-02-20T00:00:00.000,74.85187499999999,748.51875,938.9029793749999
2026-02-21T00:00:00.000,111.07288372093024,1110.7288372093024,1387.6450564186046
2026-02-22T00:00:00.000,94.11213953488372,941.1213953488373,1177.5183966976745
2026-02-23T00:00:00.000,100.16497674418605,1001.6497674418605,1252.5069968837208
2026-02-24T00:00:00.000,45.024375,450.24375,569.3700818749999
2026-02-25T00:00:00.000,71.27354166666667,712.7354166666668,894.5710077083334
2026-02-26T00:00:00.000,1238.801534883721,12388.015348837209,15359.075315674416
2026-02-27T00:00:00.000,288.5965581395349,2885.965581395349,3586.9858587906974
2026-02-28T00:00:00.000,183.68888372093025,1836.8888372093024,2287.2846804186042
2026-03-01T00:00:00.000,1183.2733953488373,11832.733953488372,14671.137194976742
2026-03-02T00:00:00.000,182.0603422053232,1820.603422053232,2267.1086795817487
2026-03-03T00:00:00.000,62.36479166666667,623.6479166666667,784.2005039583332
2026-03-04T00:00:00.000,186.34716279069767,1863.4716279069767,2320.218099813953
2026-03-05T00:00:00.000,107.43104166666666,1074.3104166666667,1342.5262752083333
2026-03-06T00:00:00.000,77.72590697674418,777.2590697674418,974.5093615348835
2026-03-07T00:00:00.000,104.41614583333335,1044.1614583333335,1305.1747307291669
2026-03-08T00:00:00.000,537.9458139534884,5379.458139534883,6676.173789069767
2026-03-09T00:00:00.000,188.0706046511628,1880.7060465116278,2341.5698210232554
2026-03-10T00:00:00.000,1026.9521395348836,10269.521395348836,12734.473156697672
2026-03-11T00:00:00.000,60.71479166666666,607.1479166666667,763.7586539583332
2026-03-12T00:00:00.000,365.420511627907,3654.20511627907,4538.75781855814
2026-03-13T00:00:00.000,74.53895833333333,745.3895833333332,935.0262547916665
2026-03-14T00:00:00.000,82.14270833333333,821.4270833333333,1029.2291135416665
2026-03-15T00:00:00.000,72.13979166666667,721.3979166666667,905.3029789583333
2026-03-16T00:00:00.000,87.666875,876.66875,1097.668014375
2026-03-17T00:00:00.000,1288.4876744186045,12884.876744186044,15974.636898372088
2026-03-18T00:00:00.000,113.4175,1134.175,1416.6925075
2026-03-19T00:00:00.000,250.47897674418607,2504.789767441861,3114.747142883721
2026-03-20T00:00:00.000,228.33823255813954,2283.3823255813954,2840.4454631627905
2026-03-21T00:00:00.000,165.0757794676806,1650.757794676806,2056.6869318250947
