strike,forward,maturity,moneyness,moneyness_ttm,ttm,implied_vol,price,price_bp,forward_price,type,side,open_interest,volume
1900.0,2153.125,2026-03-27T08:00:00.000+00:00,-0.12506638904749154,-1.0279958656580772,0.01480125312536984,0.8053045787159188,0.0044,44.0,9.47375,put,bid,15509.0,8277.52
1950.0,2153.125,2026-03-27T08:00:00.000+00:00,-0.09909090264423089,-0.8144877214286175,0.01480125312536984,0.7646319486446526,0.0065,65.0,13.9953125,put,bid,6957.0,310.29
1950.0,2153.125,2026-03-27T08:00:00.000+00:00,-0.09909090264423089,-0.8144877214286175,0.01480125312536984,0.7834838557399972,0.007,70.0,15.071875,put,ask,6957.0,310.29
2000.0,2153.125,2026-03-27T08:00:00.000+00:00,-0.073773094659941,-0.6063854316480117,0.01480125312536984,0.7378576884918951,0.01,100.0,21.53125,put,bid,20542.0,1613.77
2000.0,2153.125,2026-03-27T08:00:00.000+00:00,-0.073773094659941,-0.6063854316480117,0.01480125312536984,0.7674653605666977,0.011,110.0,23.684375,put,ask,20542.0,1613.77
2050.0,2153.125,2026-03-27T08:00:00.000+00:00,-0.0490804820695695,-0.40342199879828383,0.01480125312536984,0.7234086633599405,0.0155,155.0,33.3734375,put,bid,3166.0,213.16
2050.0,2153.125,2026-03-27T08:00:00.000+00:00,-0.0490804820695695,-0.40342199879828383,0.01480125312536984,0.7479752575975783,0.0165,165.0,35.5265625,put,ask,3166.0,213.16
2100.0,2153.125,2026-03-27T08:00:00.000+00:00,-0.024982930490508995,-0.2053497302661708,0.01480125312536984,0.7078212544318381,0.023,230.0,49.521875,put,bid,8717.0,1755.44
2100.0,2153.125,2026-03-27T08:00:00.000+00:00,-0.024982930490508995,-0.2053497302661708,0.01480125312536984,0.7187041454579591,0.0235,235.0,50.5984375,put,ask,8717.0,1755.44
2150.0,2153.125,2026-03-27T08:00:00.000+00:00,-0.0014524330803148745,-0.011938420970495462,0.01480125312536984,0.6954764002783195,0.033,330.0,71.053125,put,bid,4963.0,3341.36
2150.0,2153.125,2026-03-27T08:00:00.000+00:00,-0.0014524330803148745,-0.011938420970495462,0.01480125312536984,0.7161168198905699,0.034,340.0,73.20625,put,ask,4963.0,3341.36
2200.0,2153.125,2026-03-27T08:00:00.000+00:00,0.02153708514438376,0.1770262550583854,0.01480125312536984,0.6886119900627253,0.024,240.0,51.675,call,bid,28145.0,5860.13
2200.0,2153.125,2026-03-27T08:00:00.000+00:00,0.02153708514438376,0.1770262550583854,0.01480125312536984,0.7096779693483349,0.025,250.0,53.828125,call,ask,28145.0,5860.13
2250.0,2153.125,2026-03-27T08:00:00.000+00:00,0.04400994099644247,0.36174417232929773,0.01480125312536984,0.6822924764448219,0.016,160.0,34.45,call,bid,8361.0,9147.05
2250.0,2153.125,2026-03-27T08:00:00.000+00:00,0.04400994099644247,0.36174417232929773,0.01480125312536984,0.7054030054111581,0.017,170.0,36.603125,call,ask,8361.0,9147.05
2300.0,2153.125,2026-03-27T08:00:00.000+00:00,0.06598884771521761,0.5424020246160993,0.01480125312536984,0.6850437353741368,0.0105,105.0,22.6078125,call,bid,20252.0,5041.22
2300.0,2153.125,2026-03-27T08:00:00.000+00:00,0.06598884771521761,0.5424020246160993,0.01480125312536984,0.7120191612904544,0.0115,115.0,24.7609375,call,ask,20252.0,5041.22
2350.0,2153.125,2026-03-27T08:00:00.000+00:00,0.0874950529361813,0.719174459012919,0.01480125312536984,0.6989990306452435,0.007,70.0,15.071875,call,bid,10930.0,6781.55
2350.0,2153.125,2026-03-27T08:00:00.000+00:00,0.0874950529361813,0.719174459012919,0.01480125312536984,0.7155509733536707,0.0075,75.0,16.1484375,call,ask,10930.0,6781.55
2400.0,2153.125,2026-03-27T08:00:00.000+00:00,0.10854846213401355,0.8922250905871691,0.01480125312536984,0.7165480129765522,0.0047,47.0,10.1196875,call,bid,30816.0,23906.24
2400.0,2153.125,2026-03-27T08:00:00.000+00:00,0.10854846213401355,0.8922250905871691,0.01480125312536984,0.7493390669027742,0.0055,55.0,11.8421875,call,ask,30816.0,23906.24
2450.0,2153.125,2026-03-27T08:00:00.000+00:00,0.12916774933674932,1.0617074124057027,0.01480125312536984,0.7422559165791272,0.0033,33.0,7.1053125,call,bid,6342.0,270.29
2450.0,2153.125,2026-03-27T08:00:00.000+00:00,0.12916774933674932,1.0617074124057027,0.01480125312536984,0.7528577274969606,0.0035,35.0,7.5359375,call,ask,6342.0,270.29
2500.0,2153.125,2026-03-27T08:00:00.000+00:00,0.14937045665426868,1.2277656136193293,0.01480125312536984,0.7648530735135569,0.0023,23.0,4.9521875,call,bid,29754.0,328.89
2500.0,2153.125,2026-03-27T08:00:00.000+00:00,0.14937045665426868,1.2277656136193293,0.01480125312536984,0.7850000184638266,0.0026,26.0,5.598125,call,ask,29754.0,328.89
2550.0,2153.125,2026-03-27T08:00:00.000+00:00,0.1691730839504485,1.3905353165321597,0.01480125312536984,0.7856713808616971,0.0016,16.0,3.445,call,bid,3448.0,8.17
1900.0,2153.75,2026-04-03T08:00:00.000+00:00,-0.12535662268760758,-0.6800484317136039,0.03397933531709896,0.785201781869387,0.0145,145.0,31.229375,put,bid,1210.0,702.6
1900.0,2153.75,2026-04-03T08:00:00.000+00:00,-0.12535662268760758,-0.6800484317136039,0.03397933531709896,0.8061197453350247,0.0155,155.0,33.383125,put,ask,1210.0,702.6
1950.0,2153.75,2026-04-03T08:00:00.000+00:00,-0.09938113628434687,-0.5391337483661099,0.03397933531709896,0.7651635885110104,0.019,190.0,40.92125,put,bid,1062.0,172.24
1950.0,2153.75,2026-04-03T08:00:00.000+00:00,-0.09938113628434687,-0.5391337483661099,0.03397933531709896,0.7743185296390249,0.0195,195.0,41.998125,put,ask,1062.0,172.24
2000.0,2153.75,2026-04-03T08:00:00.000+00:00,-0.07406332830005707,-0.40178691143792833,0.03397933531709896,0.7519234927527809,0.025,250.0,53.84375,put,bid,1143.0,688.43
2000.0,2153.75,2026-04-03T08:00:00.000+00:00,-0.07406332830005707,-0.40178691143792833,0.03397933531709896,0.7681908952081387,0.026,260.0,55.9975,put,ask,1143.0,688.43
2050.0,2153.75,2026-04-03T08:00:00.000+00:00,-0.049370715709685514,-0.267831703432362,0.03397933531709896,0.7412943815974388,0.0325,325.0,69.996875,put,bid,365.0,70.02
2050.0,2153.75,2026-04-03T08:00:00.000+00:00,-0.049370715709685514,-0.267831703432362,0.03397933531709896,0.756188858679965,0.0335,335.0,72.150625,put,ask,365.0,70.02
2100.0,2153.75,2026-04-03T08:00:00.000+00:00,-0.025273164130624963,-0.13710464802727226,0.03397933531709896,0.7310470719558946,0.0415,415.0,89.380625,put,bid,456.0,3884.41
2100.0,2153.75,2026-04-03T08:00:00.000+00:00,-0.025273164130624963,-0.13710464802727226,0.03397933531709896,0.7450903731298236,0.0425,425.0,91.534375,put,ask,456.0,3884.41
2150.0,2153.75,2026-04-03T08:00:00.000+00:00,-0.00174266672043091,-0.009453810615030913,0.03397933531709896,0.7200391195892897,0.052,520.0,111.995,put,bid,1478.0,1024.06
2150.0,2153.75,2026-04-03T08:00:00.000+00:00,-0.00174266672043091,-0.009453810615030913,0.03397933531709896,0.7336809372494413,0.053,530.0,114.14875,put,ask,1478.0,1024.06
2200.0,2153.75,2026-04-03T08:00:00.000+00:00,0.021246851504267767,0.11526226324983385,0.03397933531709896,0.7142224415923688,0.043,430.0,92.61125,call,bid,3564.0,9557.08
2200.0,2153.75,2026-04-03T08:00:00.000+00:00,0.021246851504267767,0.11526226324983385,0.03397933531709896,0.7278801280390733,0.044,440.0,94.765,call,ask,3564.0,9557.08
2250.0,2153.75,2026-04-03T08:00:00.000+00:00,0.04371970735632641,0.2371754900954799,0.03397933531709896,0.7108384740422603,0.034,340.0,73.2275,call,bid,1908.0,1829.46
2250.0,2153.75,2026-04-03T08:00:00.000+00:00,0.04371970735632641,0.2371754900954799,0.03397933531709896,0.724919817366384,0.035,350.0,75.38125,call,ask,1908.0,1829.46
2300.0,2153.75,2026-04-03T08:00:00.000+00:00,0.0656986140751017,0.35640908720769954,0.03397933531709896,0.7153826508277141,0.027,270.0,58.15125,call,bid,8247.0,260389.93
2300.0,2153.75,2026-04-03T08:00:00.000+00:00,0.0656986140751017,0.35640908720769954,0.03397933531709896,0.7302755320419221,0.028,280.0,60.305,call,ask,8247.0,260389.93
2350.0,2153.75,2026-04-03T08:00:00.000+00:00,0.08720481929606533,0.4730783211026953,0.03397933531709896,0.7157325089574778,0.021,210.0,45.22875,call,bid,1713.0,4648.48
2350.0,2153.75,2026-04-03T08:00:00.000+00:00,0.08720481929606533,0.4730783211026953,0.03397933531709896,0.7318866897932946,0.022,220.0,47.3825,call,ask,1713.0,4648.48
2400.0,2153.75,2026-04-03T08:00:00.000+00:00,0.10825822849389752,0.5872911771947885,0.03397933531709896,0.7135073013536998,0.016,160.0,34.46,call,bid,6242.0,71511.23
2400.0,2153.75,2026-04-03T08:00:00.000+00:00,0.10825822849389752,0.5872911771947885,0.03397933531709896,0.7225266530475326,0.0165,165.0,35.536875,call,ask,6242.0,71511.23
2450.0,2153.75,2026-04-03T08:00:00.000+00:00,0.12887751569663325,0.6991489604107286,0.03397933531709896,0.7211991267981955,0.0125,125.0,26.921875,call,bid,4566.0,71211.14
2450.0,2153.75,2026-04-03T08:00:00.000+00:00,0.12887751569663325,0.6991489604107286,0.03397933531709896,0.7413822617239262,0.0135,135.0,29.075625,call,ask,4566.0,71211.14
2500.0,2153.75,2026-04-03T08:00:00.000+00:00,0.14908022301415275,0.8087468351228261,0.03397933531709896,0.7234223005392169,0.0095,95.0,20.460625,call,bid,4979.0,457.91
2500.0,2153.75,2026-04-03T08:00:00.000+00:00,0.14908022301415275,0.8087468351228261,0.03397933531709896,0.7465987564709304,0.0105,105.0,22.614375,call,ask,4979.0,457.91
2600.0,2153.75,2026-04-03T08:00:00.000+00:00,0.18830093616743412,1.0215156852939533,0.03397933531709896,0.7326127834146575,0.0055,55.0,11.845625,call,bid,4270.0,736.01
2600.0,2153.75,2026-04-03T08:00:00.000+00:00,0.18830093616743412,1.0215156852939533,0.03397933531709896,0.7641113272593849,0.0065,65.0,13.999375,call,ask,4270.0,736.01
2800.0,2153.75,2026-04-03T08:00:00.000+00:00,0.262408908321156,1.4235447856327907,0.03397933531709896,0.7804807316181159,0.0022,22.0,4.73825,call,bid,2002.0,151.11
2800.0,2153.75,2026-04-03T08:00:00.000+00:00,0.262408908321156,1.4235447856327907,0.03397933531709896,0.7987021150812658,0.0025,25.0,5.384375,call,ask,2002.0,151.11
1750.0,2156.75,2026-04-24T08:00:00.000+00:00,-0.20898667103912846,-0.690837352284231,0.09151358189251368,0.8094836783951181,0.024,240.0,51.762,put,bid,14696.0,2738.81
1800.0,2156.75,2026-04-24T08:00:00.000+00:00,-0.18081579407243206,-0.5977142169262176,0.09151358189251368,0.7937019321761238,0.0285,285.0,61.467375,put,bid,6185.0,6252.34
1800.0,2156.75,2026-04-24T08:00:00.000+00:00,-0.18081579407243206,-0.5977142169262176,0.09151358189251368,0.8057825351954002,0.0295,295.0,63.624125,put,ask,6185.0,6252.34
1850.0,2156.75,2026-04-24T08:00:00.000+00:00,-0.15341681988431768,-0.5071427240682975,0.09151358189251368,0.7820684288313907,0.034,340.0,73.3295,put,bid,2988.0,33783.48
1850.0,2156.75,2026-04-24T08:00:00.000+00:00,-0.15341681988431768,-0.5071427240682975,0.09151358189251368,0.7931544992803272,0.035,350.0,75.48625,put,ask,2988.0,33783.48
1900.0,2156.75,2026-04-24T08:00:00.000+00:00,-0.12674857280215632,-0.418986761237287,0.09151358189251368,0.7731044977999432,0.0405,405.0,87.348375,put,bid,4733.0,4442.62
1900.0,2156.75,2026-04-24T08:00:00.000+00:00,-0.12674857280215632,-0.418986761237287,0.09151358189251368,0.7833804358659274,0.0415,415.0,89.505125,put,ask,4733.0,4442.62
1950.0,2156.75,2026-04-24T08:00:00.000+00:00,-0.10077308639889572,-0.33312082461129144,0.09151358189251368,0.7658376951020136,0.048,480.0,103.524,put,bid,5378.0,13613.88
1950.0,2156.75,2026-04-24T08:00:00.000+00:00,-0.10077308639889572,-0.33312082461129144,0.09151358189251368,0.7754705491192698,0.049,490.0,105.68075,put,ask,5378.0,13613.88
2000.0,2156.75,2026-04-24T08:00:00.000+00:00,-0.07545527841460578,-0.24942894442323538,0.09151358189251368,0.7550819510650906,0.056,560.0,120.778,put,bid,9055.0,0.0
2000.0,2156.75,2026-04-24T08:00:00.000+00:00,-0.07545527841460578,-0.24942894442323538,0.09151358189251368,0.768790142371561,0.0575,575.0,124.013125,put,ask,9055.0,0.0
2050.0,2156.75,2026-04-24T08:00:00.000+00:00,-0.050762665824234346,-0.16780374307382204,0.09151358189251368,0.7498039800797304,0.0655,655.0,141.267125,put,bid,6644.0,18755.35
2050.0,2156.75,2026-04-24T08:00:00.000+00:00,-0.050762665824234346,-0.16780374307382204,0.09151358189251368,0.7629559870683367,0.067,670.0,144.50225,put,ask,6644.0,18755.35
2100.0,2156.75,2026-04-24T08:00:00.000+00:00,-0.026665114245173788,-0.08814560675998034,0.09151358189251368,0.745000942670307,0.076,760.0,163.913,put,bid,5090.0,1486.94
2100.0,2156.75,2026-04-24T08:00:00.000+00:00,-0.026665114245173788,-0.08814560675998034,0.09151358189251368,0.7535109873153999,0.077,770.0,166.06975,put,ask,5090.0,1486.94
2150.0,2156.75,2026-04-24T08:00:00.000+00:00,-0.003134616834979728,-0.01036195458751302,0.09151358189251368,0.7406259631173833,0.0875,875.0,188.715625,put,bid,4711.0,24324.67
2150.0,2156.75,2026-04-24T08:00:00.000+00:00,-0.003134616834979728,-0.01036195458751302,0.09151358189251368,0.7531554220834525,0.089,890.0,191.95075,put,ask,4711.0,24324.67
2200.0,2156.75,2026-04-24T08:00:00.000+00:00,0.019854901389718956,0.06563340828262587,0.09151358189251368,0.7371825507628081,0.08,800.0,172.54,call,bid,14468.0,4067.65
2200.0,2156.75,2026-04-24T08:00:00.000+00:00,0.019854901389718956,0.06563340828262587,0.09151358189251368,0.7496152463238039,0.0815,815.0,175.775125,call,ask,14468.0,4067.65
2250.0,2156.75,2026-04-24T08:00:00.000+00:00,0.042327757241777605,0.13992086478837895,0.09151358189251368,0.7354719846605469,0.0705,705.0,152.050875,call,bid,6410.0,932.82
2250.0,2156.75,2026-04-24T08:00:00.000+00:00,0.042327757241777605,0.13992086478837895,0.09151358189251368,0.7479374503004032,0.072,720.0,155.286,call,ask,6410.0,932.82
2300.0,2156.75,2026-04-24T08:00:00.000+00:00,0.0643066639605529,0.2125754970106318,0.09151358189251368,0.7347256387858018,0.062,620.0,133.7185,call,bid,18226.0,1761.97
2300.0,2156.75,2026-04-24T08:00:00.000+00:00,0.0643066639605529,0.2125754970106318,0.09151358189251368,0.7473460326742748,0.0635,635.0,136.953625,call,ask,18226.0,1761.97
2350.0,2156.75,2026-04-24T08:00:00.000+00:00,0.08581286918151654,0.2836675422528382,0.09151358189251368,0.7353764221703281,0.0545,545.0,117.542875,call,bid,7955.0,0.0
2350.0,2156.75,2026-04-24T08:00:00.000+00:00,0.08581286918151654,0.2836675422528382,0.09151358189251368,0.743973860797585,0.0555,555.0,119.699625,call,ask,7955.0,0.0
2400.0,2156.75,2026-04-24T08:00:00.000+00:00,0.10686627837934892,0.3532628011010154,0.09151358189251368,0.7335636697782476,0.0475,475.0,102.445625,call,bid,13736.0,965.89
2400.0,2156.75,2026-04-24T08:00:00.000+00:00,0.10686627837934892,0.3532628011010154,0.09151358189251368,0.7424271562696352,0.0485,485.0,104.602375,call,ask,13736.0,965.89
2450.0,2156.75,2026-04-24T08:00:00.000+00:00,0.12748556558208446,0.4214230034062569,0.09151358189251368,0.7341259350442225,0.0415,415.0,89.505125,call,bid,4028.0,185.19
2450.0,2156.75,2026-04-24T08:00:00.000+00:00,0.12748556558208446,0.4214230034062569,0.09151358189251368,0.7433313916967499,0.0425,425.0,91.661875,call,ask,4028.0,185.19
2500.0,2156.75,2026-04-24T08:00:00.000+00:00,0.14768827289960396,0.4882061372913615,0.09151358189251368,0.7330747406685709,0.036,360.0,77.643,call,bid,17274.0,6443.16
2500.0,2156.75,2026-04-24T08:00:00.000+00:00,0.14768827289960396,0.4882061372913615,0.09151358189251368,0.7475137676052838,0.0375,375.0,80.878125,call,ask,17274.0,6443.16
2550.0,2156.75,2026-04-24T08:00:00.000+00:00,0.1674909001957837,0.5536667455758146,0.09151358189251368,0.7358164535862465,0.0315,315.0,67.937625,call,bid,1082.0,27216.13
2550.0,2156.75,2026-04-24T08:00:00.000+00:00,0.1674909001957837,0.5536667455758146,0.09151358189251368,0.7459550389267354,0.0325,325.0,70.094375,call,ask,1082.0,27216.13
2600.0,2156.75,2026-04-24T08:00:00.000+00:00,0.18690898605288533,0.6178561934159419,0.09151358189251368,0.7382193798253258,0.0275,275.0,59.310625,call,bid,11019.0,180.27
2600.0,2156.75,2026-04-24T08:00:00.000+00:00,0.18690898605288533,0.6178561934159419,0.09151358189251368,0.7489453676778062,0.0285,285.0,61.467375,call,ask,11019.0,180.27
2700.0,2156.75,2026-04-24T08:00:00.000+00:00,0.22464931403573227,0.7426126103126296,0.09151358189251368,0.7381999444543115,0.0205,205.0,44.213375,call,bid,9466.0,28444.58
2700.0,2156.75,2026-04-24T08:00:00.000+00:00,0.22464931403573227,0.7426126103126296,0.09151358189251368,0.7504594815091981,0.0215,215.0,46.370125,call,ask,9466.0,28444.58
2800.0,2156.75,2026-04-24T08:00:00.000+00:00,0.2610169582066072,0.8628314112672527,0.09151358189251368,0.7432659691492955,0.0155,155.0,33.429625,call,bid,6602.0,104.8
2800.0,2156.75,2026-04-24T08:00:00.000+00:00,0.2610169582066072,0.8628314112672527,0.09151358189251368,0.7574436772891783,0.0165,165.0,35.586375,call,ask,6602.0,104.8
2900.0,2156.75,2026-04-24T08:00:00.000+00:00,0.2961082780178772,0.9788311271631916,0.09151358189251368,0.7534289584707973,0.012,120.0,25.881,call,bid,6464.0,21676.78
2900.0,2156.75,2026-04-24T08:00:00.000+00:00,0.2961082780178772,0.9788311271631916,0.09151358189251368,0.7698573803539152,0.013,130.0,28.03775,call,ask,6464.0,21676.78
3000.0,2156.75,2026-04-24T08:00:00.000+00:00,0.33000982969355863,1.0908978828156122,0.09151358189251368,0.7570253170857617,0.009,90.0,19.41075,call,bid,6329.0,443.6
3000.0,2156.75,2026-04-24T08:00:00.000+00:00,0.33000982969355863,1.0908978828156122,0.09151358189251368,0.7668802982463994,0.0095,95.0,20.489125,call,ask,6329.0,443.6
3100.0,2156.75,2026-04-24T08:00:00.000+00:00,0.36279965251654944,1.199289648990321,0.09151358189251368,0.7668517115264307,0.007,70.0,15.09725,call,bid,2706.0,0.0
3100.0,2156.75,2026-04-24T08:00:00.000+00:00,0.36279965251654944,1.199289648990321,0.09151358189251368,0.7896681245772681,0.008,80.0,17.254,call,ask,2706.0,0.0
3200.0,2156.75,2026-04-24T08:00:00.000+00:00,0.3945483508311298,1.3042398191282483,0.09151358189251368,0.7773517752219627,0.0055,55.0,11.862125,call,bid,6102.0,324.99
3200.0,2156.75,2026-04-24T08:00:00.000+00:00,0.3945483508311298,1.3042398191282483,0.09151358189251368,0.7910093229533864,0.006,60.0,12.9405,call,ask,6102.0,324.99
3300.0,2156.75,2026-04-24T08:00:00.000+00:00,0.4253200094978834,1.4059602355214735,0.09151358189251368,0.7894553648000346,0.0044,44.0,9.4897,call,bid,3169.0,0.0
3300.0,2156.75,2026-04-24T08:00:00.000+00:00,0.4253200094978834,1.4059602355214735,0.09151358189251368,0.802303677200658,0.0048,48.0,10.3524,call,ask,3169.0,0.0
3400.0,2156.75,2026-04-24T08:00:00.000+00:00,0.4551729726475646,1.5046437636030474,0.09151358189251368,0.7995998142382625,0.0035,35.0,7.548625,call,bid,2653.0,81.72
3500.0,2156.75,2026-04-24T08:00:00.000+00:00,0.48416050952081685,1.6004664929818493,0.09151358189251368,0.8095368154745242,0.0028,28.0,6.0389,call,bid,2303.0,83.49
1500.0,2168.125,2026-06-26T08:00:00.000+00:00,-0.3683976306337128,-0.7168350104693435,0.2641163216185305,0.8031254737398354,0.0345,345.0,74.8003125,put,bid,13957.0,598.42
1600.0,2168.125,2026-06-26T08:00:00.000+00:00,-0.3038591094961416,-0.5912547471116639,0.2641163216185305,0.7874650569803274,0.045,450.0,97.565625,put,bid,7100.0,474.79
1600.0,2168.125,2026-06-26T08:00:00.000+00:00,-0.3038591094961416,-0.5912547471116639,0.2641163216185305,0.7951278818154023,0.046,460.0,99.73375,put,ask,7100.0,474.79
1700.0,2168.125,2026-06-26T08:00:00.000+00:00,-0.24323448767970668,-0.4732902223677657,0.2641163216185305,0.7693324449771983,0.057,570.0,123.583125,put,bid,1721.0,0.0
1700.0,2168.125,2026-06-26T08:00:00.000+00:00,-0.24323448767970668,-0.4732902223677657,0.2641163216185305,0.7794905252006274,0.0585,585.0,126.8353125,put,ask,1721.0,0.0
1800.0,2168.125,2026-06-26T08:00:00.000+00:00,-0.18607607383975816,-0.36207031003312584,0.2641163216185305,0.7580343467366041,0.072,720.0,156.105,put,bid,4947.0,0.0
1800.0,2168.125,2026-06-26T08:00:00.000+00:00,-0.18607607383975816,-0.36207031003312584,0.2641163216185305,0.7641444454910746,0.073,730.0,158.273125,put,ask,4947.0,0.0
1900.0,2168.125,2026-06-26T08:00:00.000+00:00,-0.13200885256948236,-0.2568652981044207,0.2641163216185305,0.7457805653764122,0.089,890.0,192.963125,put,bid,3155.0,766.24
1900.0,2168.125,2026-06-26T08:00:00.000+00:00,-0.13200885256948236,-0.2568652981044207,0.2641163216185305,0.7542233491262049,0.0905,905.0,196.2153125,put,ask,3155.0,766.24
2000.0,2168.125,2026-06-26T08:00:00.000+00:00,-0.08071555818193178,-0.15705784506500328,0.2641163216185305,0.7378745881571208,0.109,1090.0,236.325625,put,bid,17986.0,2846.73
2000.0,2168.125,2026-06-26T08:00:00.000+00:00,-0.08071555818193178,-0.15705784506500328,0.2641163216185305,0.7458075401328468,0.1105,1105.0,239.5778125,put,ask,17986.0,2846.73
2100.0,2168.125,2026-06-26T08:00:00.000+00:00,-0.03192539401249974,-0.06212102969234975,0.2641163216185305,0.7336910025563255,0.132,1320.0,286.1925,put,bid,930.0,4816.16
2100.0,2168.125,2026-06-26T08:00:00.000+00:00,-0.03192539401249974,-0.06212102969234975,0.2641163216185305,0.7412864822981552,0.1335,1335.0,289.4446875,put,ask,930.0,4816.16
2200.0,2168.125,2026-06-26T08:00:00.000+00:00,0.01459462162239315,0.02839848813763491,0.2641163216185305,0.7292580052265362,0.1425,1425.0,308.9578125,call,bid,4312.0,620.11
2200.0,2168.125,2026-06-26T08:00:00.000+00:00,0.01459462162239315,0.02839848813763491,0.2641163216185305,0.7366564972338946,0.144,1440.0,312.21,call,ask,4312.0,620.11
2300.0,2168.125,2026-06-26T08:00:00.000+00:00,0.05904638419322681,0.11489356041329338,0.2641163216185305,0.7261907438694601,0.124,1240.0,268.8475,call,bid,5744.0,1206554.52
2300.0,2168.125,2026-06-26T08:00:00.000+00:00,0.05904638419322681,0.11489356041329338,0.2641163216185305,0.7359502379572788,0.126,1260.0,273.18375,call,ask,5744.0,1206554.52
2400.0,2168.125,2026-06-26T08:00:00.000+00:00,0.10160599861202277,0.19770685537121419,0.2641163216185305,0.7254984001451262,0.108,1080.0,234.1575,call,bid,9350.0,1045896.11
2400.0,2168.125,2026-06-26T08:00:00.000+00:00,0.10160599861202277,0.19770685537121419,0.2641163216185305,0.732840290739337,0.1095,1095.0,237.4096875,call,ask,9350.0,1045896.11
2500.0,2168.125,2026-06-26T08:00:00.000+00:00,0.14242799313227794,0.2771390569816572,0.2641163216185305,0.7255350596186589,0.094,940.0,203.80375,call,bid,63377.0,1029.23
2500.0,2168.125,2026-06-26T08:00:00.000+00:00,0.14242799313227794,0.2771390569816572,0.2641163216185305,0.7329882528842304,0.0955,955.0,207.0559375,call,ask,63377.0,1029.23
2600.0,2168.125,2026-06-26T08:00:00.000+00:00,0.18164870628555926,0.3534554553132232,0.2641163216185305,0.7246554169609724,0.0815,815.0,176.7021875,call,bid,6848.0,0.0
2600.0,2168.125,2026-06-26T08:00:00.000+00:00,0.18164870628555926,0.3534554553132232,0.2641163216185305,0.7323037919178307,0.083,830.0,179.954375,call,ask,6848.0,0.0
2700.0,2168.125,2026-06-26T08:00:00.000+00:00,0.2193890342684063,0.4268912924497525,0.2641163216185305,0.7262852144659591,0.071,710.0,153.936875,call,bid,3653.0,468.93
2700.0,2168.125,2026-06-26T08:00:00.000+00:00,0.2193890342684063,0.4268912924497525,0.2641163216185305,0.7342011140615412,0.0725,725.0,157.1890625,call,ask,3653.0,468.93
2800.0,2168.125,2026-06-26T08:00:00.000+00:00,0.2557566784392812,0.4976561357119903,0.2641163216185305,0.7288555151955929,0.062,620.0,134.42375,call,bid,12823.0,0.0
2800.0,2168.125,2026-06-26T08:00:00.000+00:00,0.2557566784392812,0.4976561357119903,0.2641163216185305,0.7343611278229865,0.063,630.0,136.591875,call,ask,12823.0,0.0
2900.0,2168.125,2026-06-26T08:00:00.000+00:00,0.2908479982505513,0.5659374831273473,0.2641163216185305,0.7305024216782066,0.054,540.0,117.07875,call,bid,32.0,0.0
2900.0,2168.125,2026-06-26T08:00:00.000+00:00,0.2908479982505513,0.5659374831273473,0.2641163216185305,0.7362841106487309,0.055,550.0,119.246875,call,ask,32.0,0.0
3000.0,2168.125,2026-06-26T08:00:00.000+00:00,0.3247495499262325,0.6319037574178747,0.2641163216185305,0.7319385371063941,0.047,470.0,101.901875,call,bid,8656.0,1949.38
3000.0,2168.125,2026-06-26T08:00:00.000+00:00,0.3247495499262325,0.6319037574178747,0.2641163216185305,0.7410879080267662,0.0485,485.0,105.1540625,call,ask,8656.0,1949.38
3100.0,2168.125,2026-06-26T08:00:00.000+00:00,0.3575393727492234,0.6957068088820598,0.2641163216185305,0.7339505284506106,0.041,410.0,88.893125,call,bid,127.0,0.0
3100.0,2168.125,2026-06-26T08:00:00.000+00:00,0.3575393727492234,0.6957068088820598,0.2641163216185305,0.7436562902192189,0.0425,425.0,92.1453125,call,ask,127.0,0.0
3200.0,2168.125,2026-06-26T08:00:00.000+00:00,0.38928807106380375,0.7574840207755543,0.2641163216185305,0.737442363307548,0.036,360.0,78.0525,call,bid,13806.0,0.0
3200.0,2168.125,2026-06-26T08:00:00.000+00:00,0.38928807106380375,0.7574840207755543,0.2641163216185305,0.7443370839121485,0.037,370.0,80.220625,call,ask,13806.0,0.0
3400.0,2168.125,2026-06-26T08:00:00.000+00:00,0.4499126928802386,0.8754485455194525,0.2641163216185305,0.7413715128576749,0.0275,275.0,59.6234375,call,bid,6327.0,0.0
3400.0,2168.125,2026-06-26T08:00:00.000+00:00,0.4499126928802386,0.8754485455194525,0.2641163216185305,0.7531917138808886,0.029,290.0,62.875625,call,ask,6327.0,0.0
3500.0,2168.125,2026-06-26T08:00:00.000+00:00,0.47890022975349095,0.9318530377586508,0.2641163216185305,0.7470342563380693,0.0245,245.0,53.1190625,call,bid,8712.0,161.39
3500.0,2168.125,2026-06-26T08:00:00.000+00:00,0.47890022975349095,0.9318530377586508,0.2641163216185305,0.7554753105857575,0.0255,255.0,55.2871875,call,ask,8712.0,161.39
3600.0,2168.125,2026-06-26T08:00:00.000+00:00,0.5070711067201872,0.9866684578540924,0.2641163216185305,0.749131890429436,0.0215,215.0,46.6146875,call,bid,4697.0,898.68
3600.0,2168.125,2026-06-26T08:00:00.000+00:00,0.5070711067201872,0.9866684578540924,0.2641163216185305,0.7582183099186669,0.0225,225.0,48.7828125,call,ask,4697.0,898.68
3800.0,2168.125,2026-06-26T08:00:00.000+00:00,0.5611383279904629,1.0918734697827974,0.2641163216185305,0.7574186877324374,0.017,170.0,36.858125,call,bid,6111.0,0.0
3800.0,2168.125,2026-06-26T08:00:00.000+00:00,0.5611383279904629,1.0918734697827974,0.2641163216185305,0.7626877637838478,0.0175,175.0,37.9421875,call,ask,6111.0,0.0
4000.0,2168.125,2026-06-26T08:00:00.000+00:00,0.6124316223780135,1.191680922822215,0.2641163216185305,0.764882816169819,0.0135,135.0,29.2696875,call,bid,11628.0,322.82
4000.0,2168.125,2026-06-26T08:00:00.000+00:00,0.6124316223780135,1.191680922822215,0.2641163216185305,0.7769772782987727,0.0145,145.0,31.4378125,call,ask,11628.0,322.82
4200.0,2168.125,2026-06-26T08:00:00.000+00:00,0.6612217865474456,1.2866177381948685,0.2641163216185305,0.7678080382988525,0.0105,105.0,22.7653125,call,bid,6295.0,0.0
4200.0,2168.125,2026-06-26T08:00:00.000+00:00,0.6612217865474456,1.2866177381948685,0.2641163216185305,0.781993987689242,0.0115,115.0,24.9334375,call,ask,6295.0,0.0
4400.0,2168.125,2026-06-26T08:00:00.000+00:00,0.7077418021823385,1.3771372560248532,0.2641163216185305,0.7757881697970361,0.0085,85.0,18.4290625,call,bid,6049.0,0.0
4400.0,2168.125,2026-06-26T08:00:00.000+00:00,0.7077418021823385,1.3771372560248532,0.2641163216185305,0.7921333720191293,0.0095,95.0,20.5971875,call,ask,6049.0,0.0
4500.0,2168.125,2026-06-26T08:00:00.000+00:00,0.7302146580343971,1.4208653599007532,0.2641163216185305,0.7765822760707518,0.0075,75.0,16.2609375,call,bid,5121.0,0.0
4500.0,2168.125,2026-06-26T08:00:00.000+00:00,0.7302146580343971,1.4208653599007532,0.2641163216185305,0.802745075834036,0.009,90.0,19.513125,call,ask,5121.0,0.0
4600.0,2168.125,2026-06-26T08:00:00.000+00:00,0.7521935647531721,1.4636323283005115,0.2641163216185305,0.7848252977999505,0.007,70.0,15.176875,call,bid,4887.0,0.0
4600.0,2168.125,2026-06-26T08:00:00.000+00:00,0.7521935647531721,1.4636323283005115,0.2641163216185305,0.8035081916377023,0.008,80.0,17.345,call,ask,4887.0,0.0
4800.0,2168.125,2026-06-26T08:00:00.000+00:00,0.7947531791719681,1.5464456232584325,0.2641163216185305,0.7865286989881352,0.0055,55.0,11.9246875,call,bid,1062.0,0.0
5000.0,2168.125,2026-06-26T08:00:00.000+00:00,0.8355751736922232,1.6258778248688754,0.2641163216185305,0.8031156584920666,0.0049,49.0,10.6238125,call,bid,17178.0,112.96
1200.0,2186.375,2026-09-25T08:00:00.000+00:00,-0.5999233644511355,-0.8372488654119931,0.5134313901116911,0.7956406890898168,0.031,310.0,67.777625,put,bid,9760.0,0.0
1200.0,2186.375,2026-09-25T08:00:00.000+00:00,-0.5999233644511355,-0.8372488654119931,0.5134313901116911,0.8125687924987112,0.033,330.0,72.150375,put,ask,9760.0,0.0
1400.0,2186.375,2026-09-25T08:00:00.000+00:00,-0.44577268462387726,-0.6221172512166742,0.5134313901116911,0.7657796317683525,0.0505,505.0,110.4119375,put,bid,582.0,0.0
1400.0,2186.375,2026-09-25T08:00:00.000+00:00,-0.44577268462387726,-0.6221172512166742,0.5134313901116911,0.7783483439492402,0.0525,525.0,114.7846875,put,ask,582.0,0.0
1500.0,2186.375,2026-09-25T08:00:00.000+00:00,-0.3767798131369259,-0.5258312807130692,0.5134313901116911,0.7544715941449972,0.063,630.0,137.741625,put,bid,6041.0,0.0
1500.0,2186.375,2026-09-25T08:00:00.000+00:00,-0.3767798131369259,-0.5258312807130692,0.5134313901116911,0.7656078594507045,0.065,650.0,142.114375,put,ask,6041.0,0.0
1600.0,2186.375,2026-09-25T08:00:00.000+00:00,-0.3122412919993546,-0.4357617705061522,0.5134313901116911,0.7452605167666391,0.0775,775.0,169.4440625,put,bid,683.0,0.0
1600.0,2186.375,2026-09-25T08:00:00.000+00:00,-0.3122412919993546,-0.4357617705061522,0.5134313901116911,0.7552979847131872,0.0795,795.0,173.8168125,put,ask,683.0,0.0
1700.0,2186.375,2026-09-25T08:00:00.000+00:00,-0.2516166701829198,-0.3511544709083459,0.5134313901116911,0.7375660317992127,0.094,940.0,205.51925,put,bid,484.0,0.0
1700.0,2186.375,2026-09-25T08:00:00.000+00:00,-0.2516166701829198,-0.3511544709083459,0.5134313901116911,0.746759596419539,0.096,960.0,209.892,put,ask,484.0,0.0
1800.0,2186.375,2026-09-25T08:00:00.000+00:00,-0.19445825634297118,-0.2713845869998754,0.5134313901116911,0.7332393107310765,0.113,1130.0,247.060375,put,bid,1470.0,0.0
1800.0,2186.375,2026-09-25T08:00:00.000+00:00,-0.19445825634297118,-0.2713845869998754,0.5134313901116911,0.7417834666391748,0.115,1150.0,251.433125,put,ask,1470.0,0.0
1900.0,2186.375,2026-09-25T08:00:00.000+00:00,-0.14039103507269543,-0.19592874989319328,0.5134313901116911,0.7257631772558354,0.133,1330.0,290.787875,put,bid,341.0,0.0
1900.0,2186.375,2026-09-25T08:00:00.000+00:00,-0.14039103507269543,-0.19592874989319328,0.5134313901116911,0.7358271471356712,0.1355,1355.0,296.2538125,put,ask,341.0,0.0
2000.0,2186.375,2026-09-25T08:00:00.000+00:00,-0.08909774068514481,-0.12434418580722818,0.5134313901116911,0.7196421682162001,0.155,1550.0,338.888125,put,bid,10893.0,0.0
2000.0,2186.375,2026-09-25T08:00:00.000+00:00,-0.08909774068514481,-0.12434418580722818,0.5134313901116911,0.7311598519765045,0.158,1580.0,345.44725,put,ask,10893.0,0.0
2100.0,2186.375,2026-09-25T08:00:00.000+00:00,-0.04030757651571283,-0.056252972804556337,0.5134313901116911,0.7167447671306981,0.1795,1795.0,392.4543125,put,bid,1118.0,0.0
2100.0,2186.375,2026-09-25T08:00:00.000+00:00,-0.04030757651571283,-0.056252972804556337,0.5134313901116911,0.72785137920956,0.1825,1825.0,399.0134375,put,ask,1118.0,0.0
2200.0,2186.375,2026-09-25T08:00:00.000+00:00,0.006212439119180111,0.008670036728329968,0.5134313901116911,0.7142645781007504,0.1995,1995.0,436.1818125,call,bid,1471.0,0.0
2200.0,2186.375,2026-09-25T08:00:00.000+00:00,0.006212439119180111,0.008670036728329968,0.5134313901116911,0.7250811275784056,0.2025,2025.0,442.7409375,call,ask,1471.0,0.0
2300.0,2186.375,2026-09-25T08:00:00.000+00:00,0.05066420169001392,0.0707066067026359,0.5134313901116911,0.7134583760923872,0.182,1820.0,397.92025,call,bid,1475.0,0.0
2300.0,2186.375,2026-09-25T08:00:00.000+00:00,0.05066420169001392,0.0707066067026359,0.5134313901116911,0.7240868271899324,0.185,1850.0,404.479375,call,ask,1475.0,0.0
2400.0,2186.375,2026-09-25T08:00:00.000+00:00,0.09322381610880982,0.13010250790596553,0.5134313901116911,0.7128231137806823,0.166,1660.0,362.93825,call,bid,2753.0,0.0
2400.0,2186.375,2026-09-25T08:00:00.000+00:00,0.09322381610880982,0.13010250790596553,0.5134313901116911,0.7215937020561018,0.1685,1685.0,368.4041875,call,ask,2753.0,0.0
2500.0,2186.375,2026-09-25T08:00:00.000+00:00,0.13404581062906493,0.18707339889169583,0.5134313901116911,0.7109616602454696,0.151,1510.0,330.142625,call,bid,3400.0,0.0
2500.0,2186.375,2026-09-25T08:00:00.000+00:00,0.13404581062906493,0.18707339889169583,0.5134313901116911,0.721456495652475,0.154,1540.0,336.70175,call,ask,3400.0,0.0
2600.0,2186.375,2026-09-25T08:00:00.000+00:00,0.1732665237823462,0.24180955276407703,0.5134313901116911,0.7117199248116217,0.138,1380.0,301.71975,call,bid,527.0,0.0
2600.0,2186.375,2026-09-25T08:00:00.000+00:00,0.1732665237823462,0.24180955276407703,0.5134313901116911,0.7204943461995258,0.1405,1405.0,307.1856875,call,ask,527.0,0.0
2700.0,2186.375,2026-09-25T08:00:00.000+00:00,0.2110068517651932,0.2944796914122424,0.5134313901116911,0.711944023708346,0.126,1260.0,275.48325,call,bid,848.0,0.0
2700.0,2186.375,2026-09-25T08:00:00.000+00:00,0.2110068517651932,0.2944796914122424,0.5134313901116911,0.7207945311635561,0.1285,1285.0,280.9491875,call,ask,848.0,0.0
2800.0,2186.375,2026-09-25T08:00:00.000+00:00,0.24737449593606803,0.3452341221012844,0.5134313901116911,0.7119584946574874,0.115,1150.0,251.433125,call,bid,1814.0,0.0
2800.0,2186.375,2026-09-25T08:00:00.000+00:00,0.24737449593606803,0.3452341221012844,0.5134313901116911,0.7209287044513525,0.1175,1175.0,256.8990625,call,ask,1814.0,0.0
2900.0,2186.375,2026-09-25T08:00:00.000+00:00,0.28246581574733814,0.3942073234112133,0.5134313901116911,0.7120760631145694,0.105,1050.0,229.569375,call,bid,105.0,0.0
2900.0,2186.375,2026-09-25T08:00:00.000+00:00,0.28246581574733814,0.3942073234112133,0.5134313901116911,0.7230289022941312,0.108,1080.0,236.1285,call,ask,105.0,0.0
3000.0,2186.375,2026-09-25T08:00:00.000+00:00,0.31636736742301946,0.44152009260488945,0.5134313901116911,0.7126108914723015,0.096,960.0,209.892,call,bid,12874.0,0.0
3000.0,2186.375,2026-09-25T08:00:00.000+00:00,0.31636736742301946,0.44152009260488945,0.5134313901116911,0.7237980265573919,0.099,990.0,216.451125,call,ask,12874.0,0.0
3100.0,2186.375,2026-09-25T08:00:00.000+00:00,0.34915719024601044,0.4872813407615206,0.5134313901116911,0.7138888325289937,0.088,880.0,192.401,call,bid,226.0,0.0
3100.0,2186.375,2026-09-25T08:00:00.000+00:00,0.34915719024601044,0.4872813407615206,0.5134313901116911,0.7253480981334359,0.091,910.0,198.960125,call,ask,226.0,0.0
3200.0,2186.375,2026-09-25T08:00:00.000+00:00,0.38090588856059077,0.5315896028118063,0.5134313901116911,0.7142853975944566,0.0805,805.0,176.0031875,call,bid,1706.0,0.0
3200.0,2186.375,2026-09-25T08:00:00.000+00:00,0.38090588856059077,0.5315896028118063,0.5134313901116911,0.7260623677126987,0.0835,835.0,182.5623125,call,ask,1706.0,0.0
3300.0,2186.375,2026-09-25T08:00:00.000+00:00,0.4116775472273444,0.5745343151404476,0.5134313901116911,0.7160220840251961,0.074,740.0,161.79175,call,bid,9011.0,0.0
3300.0,2186.375,2026-09-25T08:00:00.000+00:00,0.4116775472273444,0.5745343151404476,0.5134313901116911,0.7281444610596334,0.077,770.0,168.350875,call,ask,9011.0,0.0
3400.0,2186.375,2026-09-25T08:00:00.000+00:00,0.44153051037702556,0.6161969024096128,0.5134313901116911,0.7173869848676774,0.068,680.0,148.6735,call,bid,6139.0,0.0
3400.0,2186.375,2026-09-25T08:00:00.000+00:00,0.44153051037702556,0.6161969024096128,0.5134313901116911,0.7298938959839304,0.071,710.0,155.232625,call,ask,6139.0,0.0
3500.0,2186.375,2026-09-25T08:00:00.000+00:00,0.47051804725027785,0.6566517068002085,0.5134313901116911,0.7185846714468977,0.0625,625.0,136.6484375,call,bid,12243.0,0.0
3500.0,2186.375,2026-09-25T08:00:00.000+00:00,0.47051804725027785,0.6566517068002085,0.5134313901116911,0.7315138975268085,0.0655,655.0,143.2075625,call,ask,12243.0,0.0
3600.0,2186.375,2026-09-25T08:00:00.000+00:00,0.49868892421697414,0.6959667863180832,0.5134313901116911,0.7220706530169072,0.058,580.0,126.80975,call,bid,2054.0,646.56
3600.0,2186.375,2026-09-25T08:00:00.000+00:00,0.49868892421697414,0.6959667863180832,0.5134313901116911,0.733211544796096,0.0605,605.0,132.2756875,call,ask,2054.0,646.56
3800.0,2186.375,2026-09-25T08:00:00.000+00:00,0.5527561454872498,0.7714226234247652,0.5134313901116911,0.7257421129406737,0.0495,495.0,108.2255625,call,bid,1480.0,549.52
3800.0,2186.375,2026-09-25T08:00:00.000+00:00,0.5527561454872498,0.7714226234247652,0.5134313901116911,0.7377106465209322,0.052,520.0,113.6915,call,ask,1480.0,549.52
4000.0,2186.375,2026-09-25T08:00:00.000+00:00,0.6040494398748005,0.8430071875107304,0.5134313901116911,0.7298052355511213,0.0425,425.0,92.9209375,call,bid,11068.0,0.0
4000.0,2186.375,2026-09-25T08:00:00.000+00:00,0.6040494398748005,0.8430071875107304,0.5134313901116911,0.7427004171556812,0.045,450.0,98.386875,call,ask,11068.0,0.0
4200.0,2186.375,2026-09-25T08:00:00.000+00:00,0.6528396040442325,0.9110984005134022,0.5134313901116911,0.735808571445644,0.037,370.0,80.895875,call,bid,1472.0,0.0
4200.0,2186.375,2026-09-25T08:00:00.000+00:00,0.6528396040442325,0.9110984005134022,0.5134313901116911,0.7469361268987187,0.039,390.0,85.268625,call,ask,1472.0,0.0
4400.0,2186.375,2026-09-25T08:00:00.000+00:00,0.6993596196791254,0.9760214100462885,0.5134313901116911,0.7394058352711841,0.032,320.0,69.964,call,bid,3356.0,0.0
4400.0,2186.375,2026-09-25T08:00:00.000+00:00,0.6993596196791254,0.9760214100462885,0.5134313901116911,0.7514502950011157,0.034,340.0,74.33675,call,ask,3356.0,0.0
4500.0,2186.375,2026-09-25T08:00:00.000+00:00,0.721832475531184,1.0073843710170074,0.5134313901116911,0.742433830590315,0.03,300.0,65.59125,call,bid,8057.0,0.0
4500.0,2186.375,2026-09-25T08:00:00.000+00:00,0.721832475531184,1.0073843710170074,0.5134313901116911,0.7518425578867721,0.0315,315.0,68.8708125,call,ask,8057.0,0.0
4600.0,2186.375,2026-09-25T08:00:00.000+00:00,0.7438113822499592,1.0380579800205945,0.5134313901116911,0.7443773360193953,0.028,280.0,61.2185,call,bid,2594.0,0.0
4600.0,2186.375,2026-09-25T08:00:00.000+00:00,0.7438113822499592,1.0380579800205945,0.5134313901116911,0.7509314283822613,0.029,290.0,63.404875,call,ask,2594.0,0.0
4800.0,2186.375,2026-09-25T08:00:00.000+00:00,0.7863709966687551,1.097453881223924,0.5134313901116911,0.7484771077404625,0.0245,245.0,53.5661875,call,bid,1947.0,0.0
4800.0,2186.375,2026-09-25T08:00:00.000+00:00,0.7863709966687551,1.097453881223924,0.5134313901116911,0.7590776007433105,0.026,260.0,56.84575,call,ask,1947.0,0.0
5000.0,2186.375,2026-09-25T08:00:00.000+00:00,0.8271929911890102,1.1544247722096543,0.5134313901116911,0.7523292246927207,0.0215,215.0,47.0070625,call,bid,3228.0,0.0
5000.0,2186.375,2026-09-25T08:00:00.000+00:00,0.8271929911890102,1.1544247722096543,0.5134313901116911,0.7638087166551597,0.023,230.0,50.286625,call,ask,3228.0,0.0
5200.0,2186.375,2026-09-25T08:00:00.000+00:00,0.8664137043422915,1.2091609260820355,0.5134313901116911,0.7566346737907449,0.019,190.0,41.541125,call,bid,1330.0,0.0
5200.0,2186.375,2026-09-25T08:00:00.000+00:00,0.8664137043422915,1.2091609260820355,0.5134313901116911,0.7690400086198602,0.0205,205.0,44.8206875,call,ask,1330.0,0.0
5400.0,2186.375,2026-09-25T08:00:00.000+00:00,0.9041540323251385,1.261831064730201,0.5134313901116911,0.7621842201323632,0.017,170.0,37.168375,call,bid,1139.0,0.0
5400.0,2186.375,2026-09-25T08:00:00.000+00:00,0.9041540323251385,1.261831064730201,0.5134313901116911,0.7755186902416514,0.0185,185.0,40.4479375,call,ask,1139.0,0.0
5500.0,2186.375,2026-09-25T08:00:00.000+00:00,0.922503170993335,1.2874389947452123,0.5134313901116911,0.7639235772478936,0.016,160.0,34.982,call,bid,1486.0,0.0
5500.0,2186.375,2026-09-25T08:00:00.000+00:00,0.922503170993335,1.2874389947452123,0.5134313901116911,0.7777877875366132,0.0175,175.0,38.2615625,call,ask,1486.0,0.0
5600.0,2186.375,2026-09-25T08:00:00.000+00:00,0.9405216764960134,1.312585495419243,0.5134313901116911,0.764942249457891,0.015,150.0,32.795625,call,bid,1905.0,0.0
5600.0,2186.375,2026-09-25T08:00:00.000+00:00,0.9405216764960134,1.312585495419243,0.5134313901116911,0.7793898360053808,0.0165,165.0,36.0751875,call,ask,1905.0,0.0
5800.0,2186.375,2026-09-25T08:00:00.000+00:00,0.9756129963072835,1.361558696729172,0.5134313901116911,0.7700592390849011,0.0135,135.0,29.5160625,call,bid,4866.0,0.0
5800.0,2186.375,2026-09-25T08:00:00.000+00:00,0.9756129963072835,1.361558696729172,0.5134313901116911,0.7855598871975041,0.015,150.0,32.795625,call,ask,4866.0,0.0
6000.0,2186.375,2026-09-25T08:00:00.000+00:00,1.0095145479829648,1.408871465922848,0.5134313901116911,0.772840445886587,0.012,120.0,26.2365,call,bid,2942.0,0.0
6000.0,2186.375,2026-09-25T08:00:00.000+00:00,1.0095145479829648,1.408871465922848,0.5134313901116911,0.7895891586213865,0.0135,135.0,29.5160625,call,ask,2942.0,0.0
6200.0,2186.375,2026-09-25T08:00:00.000+00:00,1.0423043708059558,1.4546327140794792,0.5134313901116911,0.7793410106165152,0.011,110.0,24.050125,call,bid,1946.0,0.0
6200.0,2186.375,2026-09-25T08:00:00.000+00:00,1.0423043708059558,1.4546327140794792,0.5134313901116911,0.7913545086024285,0.012,120.0,26.2365,call,ask,1946.0,0.0
6400.0,2186.375,2026-09-25T08:00:00.000+00:00,1.074053069120536,1.498940976129765,0.5134313901116911,0.784135322893143,0.01,100.0,21.86375,call,bid,1762.0,0.0
6400.0,2186.375,2026-09-25T08:00:00.000+00:00,1.074053069120536,1.498940976129765,0.5134313901116911,0.7969788622596315,0.011,110.0,24.050125,call,ask,1762.0,0.0
6500.0,2186.375,2026-09-25T08:00:00.000+00:00,1.0895572556565014,1.5205785107809597,0.5134313901116911,0.7858685337864592,0.0095,95.0,20.7705625,call,bid,1338.0,0.0
6500.0,2186.375,2026-09-25T08:00:00.000+00:00,1.0895572556565014,1.5205785107809597,0.5134313901116911,0.7991768439103504,0.0105,105.0,22.9569375,call,ask,1338.0,0.0
6600.0,2186.375,2026-09-25T08:00:00.000+00:00,1.1048247277872898,1.5418856884584062,0.5134313901116911,0.7871402514793869,0.009,90.0,19.677375,call,bid,1170.0,0.0
6600.0,2186.375,2026-09-25T08:00:00.000+00:00,1.1048247277872898,1.5418856884584062,0.5134313901116911,0.800952990021274,0.01,100.0,21.86375,call,ask,1170.0,0.0
6800.0,2186.375,2026-09-25T08:00:00.000+00:00,1.134677690936971,1.5835482757275714,0.5134313901116911,0.7882194904563524,0.008,80.0,17.491,call,bid,1213.0,0.0
6800.0,2186.375,2026-09-25T08:00:00.000+00:00,1.134677690936971,1.5835482757275714,0.5134313901116911,0.8031858942916213,0.009,90.0,19.677375,call,ask,1213.0,0.0
7000.0,2186.375,2026-09-25T08:00:00.000+00:00,1.163665227810223,1.624003080118167,0.5134313901116911,0.7955199481286037,0.0075,75.0,16.3978125,call,bid,1770.0,0.0
1000.0,2210.25,2026-12-25T08:00:00.000+00:00,-0.7931056313037768,-0.9081151762049797,0.7627464586048518,0.8010133944045529,0.029,290.0,64.09725,put,bid,17323.0,0.0
1000.0,2210.25,2026-12-25T08:00:00.000+00:00,-0.7931056313037768,-0.9081151762049797,0.7627464586048518,0.8138338166289302,0.0305,305.0,67.412625,put,ask,17323.0,0.0
1200.0,2210.25,2026-12-25T08:00:00.000+00:00,-0.6107840745098222,-0.6993548722316849,0.7627464586048518,0.7678462658787871,0.047,470.0,103.88175,put,bid,1331.0,419.1
1200.0,2210.25,2026-12-25T08:00:00.000+00:00,-0.6107840745098222,-0.6993548722316849,0.7627464586048518,0.780252479988877,0.049,490.0,108.30225,put,ask,1331.0,419.1
1400.0,2210.25,2026-12-25T08:00:00.000+00:00,-0.45663339468256386,-0.5228505501739461,0.7627464586048518,0.7469835089710627,0.072,720.0,159.138,put,bid,2770.0,0.0
1400.0,2210.25,2026-12-25T08:00:00.000+00:00,-0.45663339468256386,-0.5228505501739461,0.7627464586048518,0.7590941296828686,0.0745,745.0,164.663625,put,ask,2770.0,0.0
1500.0,2210.25,2026-12-25T08:00:00.000+00:00,-0.3876405231956124,-0.44385290953903445,0.7627464586048518,0.7384626847870899,0.087,870.0,192.29175,put,bid,1925.0,0.0
1500.0,2210.25,2026-12-25T08:00:00.000+00:00,-0.3876405231956124,-0.44385290953903445,0.7627464586048518,0.7494332917530308,0.0895,895.0,197.817375,put,ask,1925.0,0.0
1600.0,2210.25,2026-12-25T08:00:00.000+00:00,-0.3231020020580411,-0.36995555188377655,0.7627464586048518,0.7322409176501509,0.104,1040.0,229.866,put,bid,3379.0,0.0
1600.0,2210.25,2026-12-25T08:00:00.000+00:00,-0.3231020020580411,-0.36995555188377655,0.7627464586048518,0.7423145633287417,0.1065,1065.0,235.391625,put,ask,3379.0,0.0
1700.0,2210.25,2026-12-25T08:00:00.000+00:00,-0.2624773802416064,-0.30053965449229153,0.7627464586048518,0.7241936792477456,0.122,1220.0,269.6505,put,bid,521.0,0.0
1700.0,2210.25,2026-12-25T08:00:00.000+00:00,-0.2624773802416064,-0.30053965449229153,0.7627464586048518,0.737309899643284,0.1255,1255.0,277.386375,put,ask,521.0,0.0
1800.0,2210.25,2026-12-25T08:00:00.000+00:00,-0.2053189664016577,-0.2350926055657396,0.7627464586048518,0.7218554851338289,0.143,1430.0,316.06575,put,bid,1931.0,0.0
1800.0,2210.25,2026-12-25T08:00:00.000+00:00,-0.2053189664016577,-0.2350926055657396,0.7627464586048518,0.7324284997903053,0.146,1460.0,322.6965,put,ask,1931.0,0.0
1900.0,2210.25,2026-12-25T08:00:00.000+00:00,-0.151251745131382,-0.1731850080997421,0.7627464586048518,0.7177920562272887,0.165,1650.0,364.69125,put,bid,266.0,0.0
1900.0,2210.25,2026-12-25T08:00:00.000+00:00,-0.151251745131382,-0.1731850080997421,0.7627464586048518,0.7278374123992831,0.168,1680.0,371.322,put,ask,266.0,0.0
2000.0,2210.25,2026-12-25T08:00:00.000+00:00,-0.09995845074383142,-0.11445358919112618,0.7627464586048518,0.7140557823961645,0.1885,1885.0,416.632125,put,bid,4291.0,2431.45
2000.0,2210.25,2026-12-25T08:00:00.000+00:00,-0.09995845074383142,-0.11445358919112618,0.7627464586048518,0.723685862711368,0.1915,1915.0,423.262875,put,ask,4291.0,2431.45
2100.0,2210.25,2026-12-25T08:00:00.000+00:00,-0.05116828657439949,-0.058588283508000875,0.7627464586048518,0.7108091921717735,0.2135,2135.0,471.888375,put,bid,694.0,2298.15
2100.0,2210.25,2026-12-25T08:00:00.000+00:00,-0.05116828657439949,-0.058588283508000875,0.7627464586048518,0.7216677987324434,0.217,2170.0,479.62425,put,ask,694.0,2298.15
2200.0,2210.25,2026-12-25T08:00:00.000+00:00,-0.004648270939506584,-0.005322324311755782,0.7627464586048518,0.7082096946968145,0.24,2400.0,530.46,put,bid,1942.0,0.0
2200.0,2210.25,2026-12-25T08:00:00.000+00:00,-0.004648270939506584,-0.005322324311755782,0.7627464586048518,0.7187795479373723,0.2435,2435.0,538.195875,put,ask,1942.0,0.0
2300.0,2210.25,2026-12-25T08:00:00.000+00:00,0.03980349163132719,0.04557546106050955,0.7627464586048518,0.7082097115976116,0.228,2280.0,503.937,call,bid,269.0,0.0
2300.0,2210.25,2026-12-25T08:00:00.000+00:00,0.03980349163132719,0.04557546106050955,0.7627464586048518,0.7170873118116899,0.231,2310.0,510.56775,call,ask,269.0,0.0
2400.0,2210.25,2026-12-25T08:00:00.000+00:00,0.08236310605012316,0.09430671478216858,0.7627464586048518,0.7066181180512806,0.212,2120.0,468.573,call,bid,1212.0,0.0
2400.0,2210.25,2026-12-25T08:00:00.000+00:00,0.08236310605012316,0.09430671478216858,0.7627464586048518,0.7168244740386464,0.2155,2155.0,476.308875,call,ask,1212.0,0.0
2500.0,2210.25,2026-12-25T08:00:00.000+00:00,0.12318510057037833,0.14104837350152422,0.7627464586048518,0.706203026143753,0.1975,1975.0,436.524375,call,bid,20795.0,0.0
2500.0,2210.25,2026-12-25T08:00:00.000+00:00,0.12318510057037833,0.14104837350152422,0.7627464586048518,0.7148673383578122,0.2005,2005.0,443.155125,call,ask,20795.0,0.0
2600.0,2210.25,2026-12-25T08:00:00.000+00:00,0.16240581372365967,0.18595654642361886,0.7627464586048518,0.7042735310409172,0.1835,1835.0,405.580875,call,bid,893.0,0.0
2600.0,2210.25,2026-12-25T08:00:00.000+00:00,0.16240581372365967,0.18595654642361886,0.7627464586048518,0.7143303423736058,0.187,1870.0,413.31675,call,ask,893.0,0.0
2700.0,2210.25,2026-12-25T08:00:00.000+00:00,0.20014614170650674,0.2291696611002057,0.7627464586048518,0.7039081552996685,0.171,1710.0,377.95275,call,bid,1119.0,0.0
2700.0,2210.25,2026-12-25T08:00:00.000+00:00,0.20014614170650674,0.2291696611002057,0.7627464586048518,0.7139545455461276,0.1745,1745.0,385.688625,call,ask,1119.0,0.0
2800.0,2210.25,2026-12-25T08:00:00.000+00:00,0.23651378587738145,0.27081103683990737,0.7627464586048518,0.7038575764551266,0.1595,1595.0,352.534875,call,bid,3373.0,0.0
2800.0,2210.25,2026-12-25T08:00:00.000+00:00,0.23651378587738145,0.27081103683990737,0.7627464586048518,0.7124910368930139,0.1625,1625.0,359.165625,call,ask,3373.0,0.0
2900.0,2210.25,2026-12-25T08:00:00.000+00:00,0.2716051056886516,0.3109910063368976,0.7627464586048518,0.7043114443412917,0.149,1490.0,329.32725,call,bid,31.0,0.0
2900.0,2210.25,2026-12-25T08:00:00.000+00:00,0.2716051056886516,0.3109910063368976,0.7627464586048518,0.7129942215299928,0.152,1520.0,335.958,call,ask,31.0,0.0
3000.0,2210.25,2026-12-25T08:00:00.000+00:00,0.30550665736433297,0.34980867747481903,0.7627464586048518,0.7039988820799994,0.139,1390.0,307.22475,call,bid,1363.0,0.0
3000.0,2210.25,2026-12-25T08:00:00.000+00:00,0.30550665736433297,0.34980867747481903,0.7627464586048518,0.7127570606905032,0.142,1420.0,313.8555,call,ask,1363.0,0.0
3100.0,2210.25,2026-12-25T08:00:00.000+00:00,0.3382964801873239,0.38735340614063435,0.7627464586048518,0.7045416171444561,0.13,1300.0,287.3325,call,bid,231.0,0.0
3100.0,2210.25,2026-12-25T08:00:00.000+00:00,0.3382964801873239,0.38735340614063435,0.7627464586048518,0.713396792312858,0.133,1330.0,293.96325,call,ask,231.0,0.0
3200.0,2210.25,2026-12-25T08:00:00.000+00:00,0.3700451785019042,0.423706035130077,0.7627464586048518,0.703133588483574,0.121,1210.0,267.44025,call,bid,51805.0,528.28
3200.0,2210.25,2026-12-25T08:00:00.000+00:00,0.3700451785019042,0.423706035130077,0.7627464586048518,0.7136069271690545,0.1245,1245.0,275.176125,call,ask,51805.0,528.28
3300.0,2210.25,2026-12-25T08:00:00.000+00:00,0.40081683716865774,0.4589399423541894,0.7627464586048518,0.7044009254885936,0.1135,1135.0,250.863375,call,bid,148.0,730.06
3300.0,2210.25,2026-12-25T08:00:00.000+00:00,0.40081683716865774,0.4589399423541894,0.7627464586048518,0.7150324475085397,0.117,1170.0,258.59925,call,ask,148.0,730.06
3400.0,2210.25,2026-12-25T08:00:00.000+00:00,0.43066980031833896,0.49312193252156195,0.7627464586048518,0.7039706983888997,0.106,1060.0,234.2865,call,bid,1542.0,0.0
3400.0,2210.25,2026-12-25T08:00:00.000+00:00,0.43066980031833896,0.49312193252156195,0.7627464586048518,0.716331154396081,0.11,1100.0,243.1275,call,ask,1542.0,0.0
3500.0,2210.25,2026-12-25T08:00:00.000+00:00,0.45965733719159124,0.5263129995325578,0.7627464586048518,0.7050419094585365,0.0995,995.0,219.919875,call,bid,20467.0,0.0
3500.0,2210.25,2026-12-25T08:00:00.000+00:00,0.45965733719159124,0.5263129995325578,0.7627464586048518,0.7160625058046416,0.103,1030.0,227.65575,call,ask,20467.0,0.0
3600.0,2210.25,2026-12-25T08:00:00.000+00:00,0.4878282141582876,0.5585689814481138,0.7627464586048518,0.7062192218233173,0.0935,935.0,206.658375,call,bid,1319.0,0.0
3600.0,2210.25,2026-12-25T08:00:00.000+00:00,0.4878282141582876,0.5585689814481138,0.7627464586048518,0.7174582957674956,0.097,970.0,214.39425,call,ask,1319.0,0.0
3800.0,2210.25,2026-12-25T08:00:00.000+00:00,0.5418954354285633,0.6204765789141115,0.7627464586048518,0.7094056960329413,0.083,830.0,183.45075,call,bid,1130.0,0.0
3800.0,2210.25,2026-12-25T08:00:00.000+00:00,0.5418954354285633,0.6204765789141115,0.7627464586048518,0.7194583345689688,0.086,860.0,190.0815,call,ask,1130.0,0.0
4000.0,2210.25,2026-12-25T08:00:00.000+00:00,0.5931887298161139,0.6792079978227273,0.7627464586048518,0.7110524102295761,0.0735,735.0,162.453375,call,bid,4110.0,0.0
4000.0,2210.25,2026-12-25T08:00:00.000+00:00,0.5931887298161139,0.6792079978227273,0.7627464586048518,0.723333110489755,0.077,770.0,170.18925,call,ask,4110.0,0.0
4200.0,2210.25,2026-12-25T08:00:00.000+00:00,0.6419788939855459,0.7350733035058526,0.7627464586048518,0.7154468136823263,0.066,660.0,145.8765,call,bid,1504.0,0.0
4200.0,2210.25,2026-12-25T08:00:00.000+00:00,0.6419788939855459,0.7350733035058526,0.7627464586048518,0.7246558346590024,0.0685,685.0,151.402125,call,ask,1504.0,0.0
4400.0,2210.25,2026-12-25T08:00:00.000+00:00,0.6884989096204387,0.7883392627020976,0.7627464586048518,0.7178858672655669,0.059,590.0,130.40475,call,bid,787.0,0.0
4400.0,2210.25,2026-12-25T08:00:00.000+00:00,0.6884989096204387,0.7883392627020976,0.7627464586048518,0.7294973812163472,0.062,620.0,137.0355,call,ask,787.0,0.0
4500.0,2210.25,2026-12-25T08:00:00.000+00:00,0.7109717654724972,0.8140709441407641,0.7627464586048518,0.7197226694146903,0.056,560.0,123.774,call,bid,358.0,0.0
4500.0,2210.25,2026-12-25T08:00:00.000+00:00,0.7109717654724972,0.8140709441407641,0.7627464586048518,0.7296589376220484,0.0585,585.0,129.299625,call,ask,358.0,0.0
4600.0,2210.25,2026-12-25T08:00:00.000+00:00,0.7329506721912725,0.8392370480743631,0.7627464586048518,0.7207383676477037,0.053,530.0,117.14325,call,bid,8100.0,0.0
4600.0,2210.25,2026-12-25T08:00:00.000+00:00,0.7329506721912725,0.8392370480743631,0.7627464586048518,0.730943106226694,0.0555,555.0,122.668875,call,ask,8100.0,0.0
4800.0,2210.25,2026-12-25T08:00:00.000+00:00,0.7755102866100685,0.887968301796022,0.7627464586048518,0.7246379034850889,0.048,480.0,106.092,call,bid,808.0,0.0
4800.0,2210.25,2026-12-25T08:00:00.000+00:00,0.7755102866100685,0.887968301796022,0.7627464586048518,0.7353730082457852,0.0505,505.0,111.617625,call,ask,808.0,0.0
5000.0,2210.25,2026-12-25T08:00:00.000+00:00,0.8163322811303236,0.9347099605153777,0.7627464586048518,0.7279671439212294,0.0435,435.0,96.145875,call,bid,3224.0,0.0
5000.0,2210.25,2026-12-25T08:00:00.000+00:00,0.8163322811303236,0.9347099605153777,0.7627464586048518,0.7370343524424059,0.0455,455.0,100.566375,call,ask,3224.0,0.0
5200.0,2210.25,2026-12-25T08:00:00.000+00:00,0.855552994283605,0.9796181334374724,0.7627464586048518,0.7310669898310098,0.0395,395.0,87.304875,call,bid,8530.0,0.0
5200.0,2210.25,2026-12-25T08:00:00.000+00:00,0.855552994283605,0.9796181334374724,0.7627464586048518,0.7406263581070102,0.0415,415.0,91.725375,call,ask,8530.0,0.0
5500.0,2210.25,2026-12-25T08:00:00.000+00:00,0.9116424609346484,1.043841225394748,0.7627464586048518,0.7337665176485507,0.034,340.0,75.1485,call,bid,1342.0,0.0
5500.0,2210.25,2026-12-25T08:00:00.000+00:00,0.9116424609346484,1.043841225394748,0.7627464586048518,0.744162763101415,0.036,360.0,79.569,call,ask,1342.0,0.0
6000.0,2210.25,2026-12-25T08:00:00.000+00:00,0.9986538379242783,1.1434702644886725,0.7627464586048518,0.7425538844193533,0.0275,275.0,60.781875,call,bid,10360.0,118.5
6000.0,2210.25,2026-12-25T08:00:00.000+00:00,0.9986538379242783,1.1434702644886725,0.7627464586048518,0.7543603405897619,0.0295,295.0,65.202375,call,ask,10360.0,118.5
6500.0,2210.25,2026-12-25T08:00:00.000+00:00,1.0786965455978146,1.2351200961301225,0.7627464586048518,0.7503730626828872,0.0225,225.0,49.730625,call,bid,1627.0,0.0
6500.0,2210.25,2026-12-25T08:00:00.000+00:00,1.0786965455978146,1.2351200961301225,0.7627464586048518,0.7604628907798813,0.024,240.0,53.046,call,ask,1627.0,0.0
7000.0,2210.25,2026-12-25T08:00:00.000+00:00,1.1528045177515365,1.3199745865464112,0.7627464586048518,0.7566336098874912,0.0185,185.0,40.889625,call,bid,2878.0,0.0
7000.0,2210.25,2026-12-25T08:00:00.000+00:00,1.1528045177515365,1.3199745865464112,0.7627464586048518,0.7680811486970196,0.02,200.0,44.205,call,ask,2878.0,0.0
8000.0,2210.25,2026-12-25T08:00:00.000+00:00,1.2863359103760592,1.4728695848365807,0.7627464586048518,0.7690852957194281,0.013,130.0,28.73325,call,bid,2239.0,0.0
8000.0,2210.25,2026-12-25T08:00:00.000+00:00,1.2863359103760592,1.4728695848365807,0.7627464586048518,0.7835803293047963,0.0145,145.0,32.048625,call,ask,2239.0,0.0
9000.0,2210.25,2026-12-25T08:00:00.000+00:00,1.4041189460324426,1.6077325311546176,0.7627464586048518,0.7806661725770817,0.0095,95.0,20.997375,call,bid,1791.0,0.0
